,0,1,2,4,5,6,7,8,9,Petrol,Diesel,CNG
0,13500,23,46986,90,1,0,2000,3,1165,0,1,0
1,13750,23,72937,90,1,0,2000,3,1165,0,1,0
2,13950,24,41711,90,1,0,2000,3,1165,0,1,0
3,14950,26,48000,90,0,0,2000,3,1165,0,1,0
4,13750,30,38500,90,0,0,2000,3,1170,0,1,0
5,12950,32,61000,90,0,0,2000,3,1170,0,1,0
6,16900,27,94612,90,1,0,2000,3,1245,0,1,0
7,18600,30,75889,90,1,0,2000,3,1245,0,1,0
8,21500,27,19700,192,0,0,1800,3,1185,1,0,0
9,12950,23,71138,69,0,0,1900,3,1105,0,1,0
10,20950,25,31461,192,0,0,1800,3,1185,1,0,0
11,19950,22,43610,192,0,0,1800,3,1185,1,0,0
12,19600,25,32189,192,0,0,1800,3,1185,1,0,0
13,21500,31,23000,192,1,0,1800,3,1185,1,0,0
14,22500,32,34131,192,1,0,1800,3,1185,1,0,0
15,22000,28,18739,192,0,0,1800,3,1185,1,0,0
16,22750,30,34000,192,1,0,1800,3,1185,1,0,0
17,17950,24,21716,110,1,0,1600,3,1105,1,0,0
18,16750,24,25563,110,0,0,1600,3,1065,1,0,0
19,16950,30,64359,110,1,0,1600,3,1105,1,0,0
20,15950,30,67660,110,1,0,1600,3,1105,1,0,0
21,16950,29,43905,110,0,1,1600,3,1170,1,0,0
22,15950,28,56349,110,1,0,1600,3,1120,1,0,0
23,16950,28,32220,110,1,0,1600,3,1120,1,0,0
24,16250,29,25813,110,1,0,1600,3,1120,1,0,0
25,15950,25,28450,110,1,0,1600,3,1120,1,0,0
26,17495,27,34545,110,1,0,1600,3,1120,1,0,0
27,15750,29,41415,110,1,0,1600,3,1120,1,0,0
28,16950,28,44142,110,0,0,1600,3,1120,1,0,0
29,17950,30,11090,110,1,0,1600,3,1120,1,0,0
30,12950,29,9750,97,1,0,1400,3,1100,1,0,0
31,15750,22,35199,97,1,0,1400,3,1100,1,0,0
32,15950,27,29510,97,1,0,1400,3,1100,1,0,0
33,14950,26,32692,97,1,0,1400,3,1100,1,0,0
34,15500,22,41000,97,1,0,1400,3,1100,1,0,0
35,15750,26,43000,97,0,0,1400,3,1100,1,0,0
36,15950,25,25000,97,0,0,1400,3,1100,1,0,0
37,14950,23,10000,97,1,0,1400,3,1100,1,0,0
38,15750,32,25329,97,1,0,1400,3,1100,1,0,0
39,14750,27,27500,97,0,0,1400,3,1100,1,0,0
40,13950,22,49059,97,0,0,1400,3,1100,1,0,0
41,16750,27,44068,97,1,0,1400,3,1100,1,0,0
42,13950,22,46961,97,0,0,1400,3,1100,1,0,0
43,16950,27,110404,90,0,0,2000,5,1255,0,1,0
44,16950,22,100250,90,0,0,2000,5,1255,0,1,0
45,19000,23,84000,90,0,0,2000,5,1270,0,1,0
46,17950,27,79375,90,1,0,2000,5,1255,0,1,0
47,15800,22,75048,97,1,0,1400,5,1110,1,0,0
48,17950,22,72215,90,1,0,2000,5,1255,0,1,0
49,21950,31,64982,192,1,0,1800,5,1195,1,0,0
50,17950,22,62636,90,1,0,2000,5,1255,0,1,0
51,15750,30,57086,97,1,0,1400,5,1110,1,0,0
52,20500,26,56000,110,1,1,1600,5,1180,1,0,0
53,21950,27,49866,192,1,0,1800,5,1195,1,0,0
54,15500,25,49163,110,0,1,1600,5,1165,1,0,0
55,13250,32,45725,110,1,0,1600,5,1075,1,0,0
56,15250,28,43210,97,0,0,1400,5,1110,1,0,0
57,15250,26,43000,97,0,0,1400,5,1110,1,0,0
58,18950,23,39704,110,1,1,1600,5,1180,1,0,0
59,15999,30,38950,110,1,0,1600,5,1130,1,0,0
60,14950,22,37400,97,1,0,1400,5,1110,1,0,0
61,16500,27,37177,110,0,0,1600,5,1130,1,0,0
62,18750,31,36544,110,1,0,1600,5,1130,1,0,0
63,17950,30,33511,110,1,0,1600,5,1130,1,0,0
64,17950,27,32809,97,1,0,1400,5,1110,1,0,0
65,16950,26,32181,110,1,0,1600,5,1075,1,0,0
66,18950,28,30993,110,1,0,1600,5,1130,1,0,0
67,14950,22,30400,97,1,0,1400,5,1110,1,0,0
68,22250,22,30000,110,1,0,2000,5,1275,0,1,0
69,15950,25,29719,97,1,0,1400,5,1110,1,0,0
70,15950,28,29206,97,1,0,1400,5,1110,1,0,0
71,12995,32,29198,97,1,0,1400,5,1060,1,0,0
72,18950,28,28817,110,1,0,1598,5,1130,1,0,0
73,15750,23,28227,97,1,0,1400,5,1110,1,0,0
74,19950,28,28000,110,0,0,1600,5,1130,1,0,0
75,16950,23,28000,110,1,0,1600,5,1115,1,0,0
76,18750,31,25266,110,1,0,1600,5,1130,1,0,0
77,18450,27,23489,110,0,0,1600,5,1115,1,0,0
78,16895,29,22575,110,1,0,1600,5,1115,1,0,0
79,14900,30,22000,97,1,0,1400,5,1110,1,0,0
80,18950,25,20019,110,1,1,1600,5,1180,1,0,0
81,17250,29,20000,110,1,0,1600,5,1115,1,0,0
82,15450,25,17003,97,1,0,1400,5,1110,1,0,0
83,17950,31,16238,110,1,1,1600,5,1180,1,0,0
84,16650,25,15414,97,1,0,1400,5,1110,1,0,0
85,17450,28,8537,110,1,0,1600,5,1130,1,0,0
86,14900,30,7000,97,1,0,1400,5,1100,1,0,0
87,17950,20,66966,90,1,0,2000,3,1245,0,1,0
88,15950,19,51884,97,1,0,1400,3,1100,1,0,0
89,21950,19,50005,110,1,0,2000,3,1265,0,1,0
90,16450,20,48110,97,1,0,1400,3,1100,1,0,0
91,22250,20,37500,90,1,0,2000,3,1260,0,1,0
92,19950,16,34472,90,1,0,1995,3,1260,0,1,0
93,15950,20,33329,97,1,0,1400,3,1100,1,0,0
94,18900,20,31850,110,0,0,1600,3,1120,1,0,0
95,19950,17,30351,90,1,0,1995,3,1260,0,1,0
96,15950,19,29435,97,1,0,1400,3,1100,1,0,0
97,15950,19,25948,97,1,0,1400,3,1100,1,0,0
98,18750,11,24500,110,1,0,1600,3,1120,1,0,0
99,17450,18,23902,97,1,0,1400,3,1100,1,0,0
100,18990,20,23175,110,1,0,1600,3,1120,1,0,0
101,16250,19,19200,97,1,0,1400,3,1100,1,0,0
102,18500,13,18000,71,0,0,1400,3,1125,1,0,0
103,18500,11,16123,110,1,0,1600,3,1105,1,0,0
104,19450,11,14635,110,1,1,1600,3,1155,1,0,0
105,16950,19,13748,97,1,0,1400,3,1100,1,0,0
106,18800,14,11500,110,1,0,1600,3,1045,1,0,0
107,17450,17,10000,97,1,0,1400,3,1100,1,0,0
108,17950,20,7187,110,1,0,1600,3,1105,1,0,0
109,32500,4,1,116,0,0,2000,5,1480,0,1,0
110,31000,4,4000,116,1,0,2000,5,1480,0,1,0
111,31275,4,1500,116,1,0,2000,5,1480,0,1,0
112,24950,8,13253,116,1,0,2000,5,1320,0,1,0
113,24950,8,13253,116,1,0,2000,5,1320,0,1,0
114,22950,7,10000,116,1,0,2000,5,1270,0,1,0
115,24990,8,6000,90,1,0,2000,5,1280,0,1,0
116,21950,8,10841,90,1,0,2000,5,1270,0,1,0
117,17900,7,1,110,1,0,1600,3,1105,1,0,0
118,19250,20,63000,90,1,0,2000,5,1255,0,1,0
119,22250,17,57313,110,1,0,2000,5,1275,0,1,0
120,18950,13,57037,110,0,0,1600,5,1115,1,0,0
121,19950,19,51099,90,1,0,2000,5,1255,0,1,0
122,16350,14,40010,110,1,0,1600,5,1115,1,0,0
123,18950,20,39115,110,1,0,1600,5,1130,1,0,0
124,16950,17,36012,110,0,0,1600,5,1130,1,0,0
125,21750,16,36000,110,1,0,1600,5,1130,1,0,0
126,15950,20,36000,110,1,0,1600,5,1075,1,0,0
127,16500,20,35000,97,1,0,1400,5,1110,1,0,0
128,17950,17,33740,97,1,0,1400,5,1135,1,0,0
129,15850,13,33477,110,1,0,1600,5,1075,1,0,0
130,16250,20,32627,97,1,0,1400,5,1110,1,0,0
131,15950,20,29797,97,1,0,1400,5,1110,1,0,0
132,16250,19,29441,97,1,0,1400,5,1110,1,0,0
133,15950,13,29371,110,1,0,1600,4,1105,1,0,0
134,16500,20,29000,97,0,0,1400,5,1110,1,0,0
135,16500,19,27821,97,0,0,1400,5,1110,1,0,0
136,18450,19,27371,97,0,0,1400,5,1135,1,0,0
137,16250,13,25170,110,1,0,1600,5,1105,1,0,0
138,23000,11,25000,116,1,0,2000,5,1320,0,1,0
139,19900,20,23000,110,1,0,1600,5,1130,1,0,0
140,16450,20,22588,97,1,0,1400,5,1110,1,0,0
141,23950,19,21684,192,1,0,1800,5,1185,1,0,0
142,19950,13,21428,110,1,0,1600,5,1130,1,0,0
143,18500,16,20629,110,1,0,1600,4,1090,1,0,0
144,18950,15,20270,110,1,0,1600,5,1130,1,0,0
145,16450,16,20105,97,0,0,1400,5,1110,1,0,0
146,20500,20,20000,110,0,1,1600,5,1165,1,0,0
147,24500,13,19988,110,1,0,1600,5,1130,1,0,0
148,19450,19,18328,110,0,0,1600,5,1130,1,0,0
149,20950,14,17896,110,1,1,1600,4,1150,1,0,0
150,17200,20,17300,97,1,0,1400,5,1110,1,0,0
151,19950,19,17038,110,0,0,1600,5,1130,1,0,0
152,18450,10,13747,97,1,0,1400,5,1110,1,0,0
153,19500,12,13634,110,1,0,1600,5,1115,1,0,0
154,21750,13,13178,110,1,0,1600,5,1130,1,0,0
155,16868,15,13157,97,1,0,1400,4,1085,1,0,0
156,19500,16,13000,110,1,0,1600,4,1105,1,0,0
157,18900,11,12500,110,1,0,1600,5,1115,1,0,0
158,19750,17,11999,110,1,0,1600,5,1130,1,0,0
159,19750,16,11754,110,0,1,1600,5,1180,1,0,0
160,18950,16,11000,110,1,0,1600,4,1105,1,0,0
161,20750,17,10000,110,0,0,1598,5,1105,1,0,0
162,19600,9,7650,110,1,0,1600,5,1115,1,0,0
163,19500,14,6500,110,1,0,1600,4,1100,1,0,0
164,17650,11,6155,97,1,0,1400,5,1110,1,0,0
165,19950,14,6000,110,0,0,1600,5,1130,1,0,0
166,19950,14,5459,110,1,0,1600,5,1130,1,0,0
167,20950,14,5278,110,1,1,1600,4,1150,1,0,0
168,20500,12,5000,110,1,0,1600,5,1130,1,0,0
169,17795,9,1,98,1,0,1400,4,1065,1,0,0
170,18245,9,1,110,1,0,1600,5,1075,1,0,0
171,23750,8,11000,110,1,0,1600,5,1130,1,0,0
172,19500,8,10077,97,1,0,1400,5,1110,1,0,0
173,18950,8,10000,97,1,0,1400,5,1110,1,0,0
174,21950,8,9788,110,1,0,1600,5,1130,1,0,0
175,19950,8,8574,110,1,0,1600,5,1130,1,0,0
176,18950,8,7000,110,0,0,1600,5,1115,1,0,0
177,19950,7,6250,110,1,0,1600,5,1115,1,0,0
178,21950,8,5000,110,1,0,1600,5,1130,1,0,0
179,22500,6,3000,110,0,0,1600,5,1130,1,0,0
180,18500,7,2000,110,0,0,1600,5,1075,1,0,0
181,18700,7,450,97,1,0,1400,5,1110,1,0,0
182,21125,2,225,97,1,0,1400,5,1110,1,0,0
183,21500,2,15,110,1,0,1600,5,1130,1,0,0
184,17795,1,1,98,1,0,1400,4,1100,1,0,0
185,18245,1,1,110,1,0,1600,5,1075,1,0,0
186,6950,43,243000,69,0,0,1900,3,1110,0,1,0
187,9500,38,180638,90,0,0,2000,4,1160,0,1,0
188,11950,40,179860,90,1,0,2000,5,1205,0,1,0
189,7750,43,178858,110,0,0,1600,3,1084,0,0,1
190,11950,40,161000,69,1,0,1900,3,1105,0,1,0
191,4350,44,158320,69,0,0,1800,5,1110,0,1,0
192,4750,44,131273,69,1,0,1800,5,1110,0,1,0
193,11750,40,130062,69,1,0,1900,5,1140,0,1,0
194,13250,41,123425,69,1,0,1900,5,1140,0,1,0
195,11950,37,118217,110,1,0,1600,5,1075,1,0,0
196,11900,44,110000,69,1,0,1900,5,1095,0,1,0
197,14750,39,108847,90,1,0,2000,5,1205,0,1,0
198,9950,42,105699,97,1,0,1400,3,1025,1,0,0
199,11950,39,98823,110,1,0,1600,5,1119,0,0,1
200,11495,44,96829,110,1,0,1600,5,1075,1,0,0
201,11250,40,96518,97,1,0,1400,3,1025,1,0,0
202,10500,42,92204,110,1,0,1600,5,1075,1,0,0
203,10450,35,91456,69,1,0,1900,3,1110,0,1,0
204,12950,43,89968,69,1,0,1900,5,1140,0,1,0
205,11500,44,89757,110,1,0,1600,3,1045,1,0,0
206,12500,40,85389,110,1,0,1600,5,1075,1,0,0
207,10950,43,85017,97,0,0,1400,5,1060,1,0,0
208,11450,41,84312,110,0,0,1600,5,1080,1,0,0
209,11950,37,82743,110,1,0,1600,5,1121,0,0,1
210,13250,41,81106,69,1,0,1900,5,1140,0,1,0
211,14750,40,80425,90,1,0,2000,5,1205,0,1,0
212,11790,34,78677,110,1,1,1600,5,1105,1,0,0
213,11450,40,78425,110,1,0,1600,5,1075,1,0,0
214,13500,33,78108,90,1,0,2000,3,1170,0,1,0
215,10950,33,77321,110,1,0,1600,5,1075,1,0,0
216,13500,33,75699,69,0,0,1900,3,1105,0,1,0
217,10950,41,75697,97,1,0,1400,3,1025,1,0,0
218,10950,44,74846,97,1,0,1400,3,1025,1,0,0
219,12950,38,74319,110,1,0,1600,5,1075,1,0,0
220,11950,43,74285,110,1,0,1600,5,1075,1,0,0
221,12450,44,74172,110,1,0,1600,5,1615,1,0,0
222,11950,40,73042,110,1,0,1598,5,1075,1,0,0
223,14950,44,71793,110,1,0,1600,4,1067,0,0,1
224,12450,35,71200,110,1,0,1600,5,1075,1,0,0
225,12950,38,67805,110,1,0,1600,5,1075,1,0,0
226,11950,35,65988,110,1,0,1600,3,1040,1,0,0
227,11690,34,65345,97,1,0,1400,5,1060,1,0,0
228,12450,42,64564,110,1,0,1600,5,1080,1,0,0
229,12750,36,63459,97,1,0,1400,5,1060,1,0,0
230,11925,44,63451,97,0,0,1400,3,1025,1,0,0
231,12950,33,62000,110,1,0,1600,5,1075,1,0,0
232,11950,42,61300,97,1,0,1400,3,1030,1,0,0
233,12900,41,61200,110,1,0,1600,3,1045,1,0,0
234,11900,41,61000,110,0,0,1600,5,1075,1,0,0
235,11650,38,60829,110,1,0,1600,5,1075,1,0,0
236,10950,44,60500,110,0,0,1600,5,1075,1,0,0
237,13950,35,59500,69,1,0,1900,3,1110,0,1,0
238,13950,44,59000,110,0,1,1600,5,1110,1,0,0
239,11950,40,58954,110,1,0,1600,5,1080,1,0,0
240,10950,38,58798,110,1,0,1600,5,1075,1,0,0
241,12450,38,58363,110,1,0,1600,3,1055,1,0,0
242,11950,43,58277,110,1,0,1600,3,1045,1,0,0
243,13500,33,57711,90,1,0,2000,3,1165,0,1,0
244,11690,33,57269,110,1,0,1600,5,1075,1,0,0
245,13500,39,56001,110,1,0,1600,5,1075,1,0,0
246,11950,42,55968,110,0,0,1600,3,1050,1,0,0
247,12900,39,55678,110,1,0,1600,4,1030,1,0,0
248,13500,43,55539,110,1,0,1600,5,1085,1,0,0
249,11750,42,55400,110,0,0,1600,5,1075,1,0,0
250,11750,33,55350,110,0,0,1600,5,1075,1,0,0
251,10850,43,54600,110,0,0,1600,4,1030,1,0,0
252,11750,43,53773,110,1,0,1600,5,1075,1,0,0
253,14950,42,53719,110,1,1,1600,5,1105,1,0,0
254,9940,39,53644,110,1,0,1600,5,1075,1,0,0
255,12900,42,53350,110,0,0,1600,5,1075,1,0,0
256,13500,38,53000,110,1,0,1600,5,1075,1,0,0
257,11750,44,52084,97,1,0,1400,3,1025,1,0,0
258,11950,44,52000,97,0,0,1400,3,1025,1,0,0
259,13450,33,51945,110,1,0,1600,5,1075,1,0,0
260,11950,41,51732,97,1,0,1400,3,1025,1,0,0
261,12495,39,50873,110,1,0,1600,5,1075,1,0,0
262,13500,41,50856,110,0,0,1600,4,1030,1,0,0
263,12750,40,50640,110,1,0,1600,5,1075,1,0,0
264,12000,39,50000,97,1,0,1400,5,1060,1,0,0
265,11950,38,49500,110,1,0,1600,5,1075,1,0,0
266,12495,44,49332,110,1,0,1600,5,1080,1,0,0
267,12450,34,49291,110,1,0,1600,3,1040,1,0,0
268,14750,40,48952,90,1,0,2000,5,1205,0,1,0
269,10950,39,48945,110,0,0,1600,3,1040,1,0,0
270,13500,33,48928,69,1,0,1900,3,1105,0,1,0
271,12950,38,48197,110,1,0,1600,5,1075,1,0,0
272,13500,35,48052,69,1,0,1900,3,1105,0,1,0
273,13450,34,48011,110,1,0,1600,4,1030,1,0,0
274,13500,43,48000,110,1,0,1600,5,1075,1,0,0
275,11480,41,47350,110,1,0,1600,5,1075,1,0,0
276,13450,39,46821,97,1,0,1400,5,1060,1,0,0
277,11495,39,46694,110,0,0,1600,3,1040,1,0,0
278,12750,43,46515,97,0,0,1400,5,1025,1,0,0
279,14990,38,46327,110,1,0,1600,3,1055,1,0,0
280,12950,35,46304,97,1,0,1400,5,1060,1,0,0
281,12950,40,45886,110,1,0,1600,5,1080,1,0,0
282,12850,39,45713,97,1,0,1400,5,1085,1,0,0
283,13950,40,45600,110,1,1,1600,5,1105,1,0,0
284,11950,41,45287,110,1,0,1600,5,1075,1,0,0
285,12950,39,45081,110,1,0,1600,5,1075,1,0,0
286,11700,40,44830,110,1,0,1600,5,1075,1,0,0
287,9950,37,44757,97,0,0,1400,3,1025,1,0,0
288,11895,44,44218,97,1,0,1400,5,1060,1,0,0
289,12950,43,43632,110,1,0,1600,5,1075,1,0,0
290,12500,36,43427,110,1,0,1600,3,1040,1,0,0
291,13875,39,43254,110,1,0,1600,5,1075,1,0,0
292,10500,35,43000,110,0,0,1600,3,1050,1,0,0
293,12295,33,42823,110,1,0,1600,5,1075,1,0,0
294,13950,42,42560,110,1,0,1600,5,1080,1,0,0
295,10950,38,41754,110,0,0,1600,3,1040,1,0,0
296,12950,44,41499,110,1,0,1600,5,1103,0,0,1
297,12850,40,41339,110,1,0,1600,5,1080,1,0,0
298,13995,35,41000,110,1,0,1600,5,1075,1,0,0
299,13750,39,40000,110,1,0,1600,3,1055,1,0,0
300,12750,37,39757,110,1,0,1600,5,1075,1,0,0
301,12500,41,39659,110,1,0,1600,3,1045,1,0,0
302,13950,43,39650,110,0,0,1600,3,1055,1,0,0
303,11500,39,39524,97,1,0,1398,3,1025,1,0,0
304,13950,44,39516,97,1,0,1400,5,1060,1,0,0
305,11895,41,39439,97,0,0,1400,5,1060,1,0,0
306,9950,44,39000,97,1,0,1400,3,1025,1,0,0
307,13500,42,38932,110,1,0,1600,3,1040,1,0,0
308,11450,37,38812,97,0,0,1400,3,1025,1,0,0
309,12450,42,38665,110,1,0,1600,5,1075,1,0,0
310,12950,40,38653,110,1,0,1600,5,1080,1,0,0
311,13995,44,38461,110,1,0,1600,5,1080,1,0,0
312,11750,42,38078,97,0,0,1400,3,1025,1,0,0
313,11650,39,37782,97,1,0,1400,5,1060,1,0,0
314,9950,43,37576,97,0,0,1400,3,1030,1,0,0
315,13950,41,37533,110,1,0,1600,5,1075,1,0,0
316,12950,44,37389,110,1,0,1600,5,1080,1,0,0
317,10950,38,37320,97,1,0,1400,3,1025,1,0,0
318,9900,42,37000,97,1,0,1400,3,1025,1,0,0
319,11950,44,37000,110,0,0,1600,4,1075,1,0,0
320,11990,40,36566,110,0,0,1600,5,1090,1,0,0
321,10750,36,36269,110,1,0,1600,5,1075,1,0,0
322,13950,37,36074,110,1,1,1600,5,1075,1,0,0
323,11250,44,36066,110,1,0,1600,3,1040,1,0,0
324,12950,39,34599,110,1,0,1600,5,1075,1,0,0
325,11950,41,34000,110,1,0,1600,5,1075,1,0,0
326,10950,42,33623,97,1,0,1400,3,1025,1,0,0
327,12950,33,33591,110,1,0,1600,5,1075,1,0,0
328,12950,35,33258,110,1,0,1600,5,1075,1,0,0
329,11695,43,33113,110,1,0,1600,5,1075,1,0,0
330,11000,41,33000,110,1,1,1600,5,1075,1,0,0
331,13950,35,32941,110,1,0,1600,5,1080,1,0,0
332,11950,38,32781,110,0,0,1600,5,1075,1,0,0
333,11750,40,32532,110,1,0,1600,3,1040,1,0,0
334,12400,34,32431,97,1,0,1400,5,1060,1,0,0
335,12500,35,32000,110,0,0,1600,3,1040,1,0,0
336,12900,33,31000,110,1,0,1600,5,1075,1,0,0
337,12200,41,30989,110,0,0,1600,3,1045,1,0,0
338,12750,43,30742,110,1,0,1600,3,1040,1,0,0
339,11950,42,30190,110,1,0,1600,5,1075,1,0,0
340,11900,41,29716,116,1,0,1600,5,1075,1,0,0
341,11950,44,29716,110,1,1,1600,3,1070,1,0,0
342,14950,42,29640,110,0,0,1600,3,1055,1,0,0
343,11950,41,29056,97,1,0,1400,5,1060,1,0,0
344,12950,33,28715,110,1,0,1600,5,1075,1,0,0
345,14950,41,28571,110,0,0,1600,5,1090,1,0,0
346,13450,40,28362,110,1,0,1600,3,1040,1,0,0
347,13750,38,28150,110,1,0,1600,5,1075,1,0,0
348,12950,43,27301,110,1,0,1600,3,1040,1,0,0
349,12750,33,27240,110,1,0,1600,5,1075,1,0,0
350,11895,39,27170,97,1,0,1400,5,1060,1,0,0
351,9950,42,27141,97,1,0,1400,5,1060,1,0,0
352,12450,38,26262,110,1,0,1600,5,1075,1,0,0
353,12500,38,26000,97,1,0,1400,5,1060,1,0,0
354,14950,43,25228,110,1,0,1600,3,1045,1,0,0
355,13750,39,25062,110,1,0,1600,5,1080,1,0,0
356,12695,39,24723,110,1,1,1600,4,1060,1,0,0
357,14990,33,24650,110,1,0,1600,3,1055,1,0,0
358,12750,43,24553,110,1,0,1600,5,1080,1,0,0
359,14350,41,24475,110,1,0,1600,5,1030,1,0,0
360,12950,39,24444,110,1,0,1600,3,1040,1,0,0
361,11500,35,24011,97,0,0,1400,3,1025,1,0,0
362,11950,41,24000,97,1,0,1400,3,1025,1,0,0
363,13450,40,23616,110,1,0,1600,5,1075,1,0,0
364,12900,38,22865,110,1,0,1600,5,1075,1,0,0
365,10500,41,22780,86,1,0,1300,5,1035,1,0,0
366,10950,35,21904,97,0,0,1400,3,1025,1,0,0
367,11950,41,21651,97,0,0,1400,3,1025,1,0,0
368,11450,37,21500,110,1,0,1600,5,1030,1,0,0
369,13250,44,21027,110,1,0,1600,5,1080,1,0,0
370,10250,39,18500,110,0,0,1600,4,1030,1,0,0
371,13995,35,18000,110,1,0,1600,5,1075,1,0,0
372,11950,40,17051,97,0,0,1400,5,1060,1,0,0
373,13250,33,16512,97,1,0,1400,5,1085,1,0,0
374,12950,40,16325,110,1,0,1600,5,1080,1,0,0
375,11750,38,16000,97,1,0,1400,5,1060,1,0,0
376,11500,39,12000,110,1,0,1600,5,1075,1,0,0
377,13500,43,10000,97,1,0,1400,5,1060,1,0,0
378,6500,53,216000,69,0,0,1900,3,1110,0,1,0
379,6400,51,198167,69,0,0,1900,4,1095,0,1,0
380,7000,53,176000,69,0,0,1900,3,1105,0,1,0
381,7750,54,174139,72,1,0,2000,4,1100,0,1,0
382,8900,45,174000,69,1,0,1900,5,1095,0,1,0
383,8500,55,150000,110,1,0,1600,3,1075,0,0,1
384,8950,54,149329,72,1,0,2000,5,1135,0,1,0
385,9900,51,146736,110,1,0,1600,5,1080,1,0,0
386,10250,53,143513,69,0,0,1900,5,1140,0,1,0
387,9250,48,142130,110,0,0,1600,5,1119,0,0,1
388,7750,48,140700,69,1,0,1900,5,1110,0,1,0
389,9450,54,138394,69,1,0,1900,4,1095,0,1,0
390,7750,55,137000,72,1,0,2000,5,1135,0,1,0
391,8250,52,135258,69,1,0,1900,5,1140,0,1,0
392,9950,49,131364,110,1,0,1600,5,1075,1,0,0
393,4450,56,129155,69,0,0,1800,5,1110,0,1,0
394,9950,50,126110,110,0,0,1600,3,1055,1,0,0
395,9000,48,119742,110,1,0,1600,5,1080,1,0,0
396,9950,53,117913,69,1,0,1900,5,1110,0,1,0
397,12450,47,117430,90,1,0,2000,3,1165,0,1,0
398,10500,55,117175,110,1,0,1600,4,1035,1,0,0
399,10750,54,115558,110,1,0,1600,4,1035,1,0,0
400,8950,53,115113,97,1,0,1400,3,1025,1,0,0
401,10500,54,115046,69,1,0,1900,5,1140,0,1,0
402,5150,56,113997,72,1,0,2000,5,1135,0,1,0
403,10950,49,107859,97,0,0,1400,5,1060,1,0,0
404,9450,52,104805,97,1,0,1400,3,1025,1,0,0
405,9950,54,103454,110,1,0,1600,5,1075,1,0,0
406,10950,51,103018,69,0,0,1900,5,1140,0,1,0
407,11900,47,102352,110,1,0,1600,5,1080,1,0,0
408,9950,50,102030,97,1,0,1400,5,1060,1,0,0
409,11950,54,101352,110,0,0,1600,5,1080,1,0,0
410,7900,50,99865,110,1,0,1600,4,1035,1,0,0
411,10950,52,99323,110,1,0,1600,3,1055,1,0,0
412,8950,48,98100,69,1,0,1900,5,1140,0,1,0
413,11950,51,98040,110,0,0,1600,5,1080,1,0,0
414,10900,49,97600,110,1,0,1600,3,1045,1,0,0
415,9950,55,97234,110,0,0,1600,5,1080,1,0,0
416,9950,51,96135,72,0,0,2000,3,1115,0,1,0
417,10950,54,96100,110,1,0,1600,5,1080,1,0,0
418,8950,55,94401,72,0,0,2000,3,1115,0,1,0
419,8950,55,94122,86,1,0,1300,3,1015,1,0,0
420,10500,49,91340,110,1,0,1600,3,1055,1,0,0
421,8950,53,90200,97,0,0,1400,3,1025,1,0,0
422,9250,53,90097,69,1,0,1900,5,1140,0,1,0
423,11500,48,89049,97,1,0,1400,5,1060,1,0,0
424,9750,52,89000,110,0,0,1600,5,1075,1,0,0
425,9950,45,87274,110,1,0,1600,3,1040,1,0,0
426,11450,49,86221,110,0,0,1600,3,1045,1,0,0
427,12500,54,84598,110,0,0,1600,5,1075,1,0,0
428,10500,50,83567,110,0,0,1600,5,1075,1,0,0
429,12950,50,83106,110,1,0,1600,5,1075,1,0,0
430,12200,50,82805,110,1,0,1600,3,1040,1,0,0
431,10950,50,82735,97,1,0,1400,3,1030,1,0,0
432,10950,54,81905,110,1,0,1600,5,1105,1,0,0
433,11290,49,80320,110,1,1,1600,3,1070,1,0,0
434,10750,49,80090,97,1,0,1400,3,1030,1,0,0
435,10895,53,79800,110,0,0,1600,5,1075,1,0,0
436,11500,47,78785,110,1,0,1600,5,1119,0,0,1
437,9750,48,78600,110,1,0,1600,5,1075,1,0,0
438,10250,55,77780,110,0,0,1600,3,1040,1,0,0
439,12500,49,77648,110,0,0,1600,4,1030,1,0,0
440,11950,54,77270,110,1,0,1600,4,1035,1,0,0
441,10750,50,76167,97,1,0,1400,5,1060,1,0,0
442,11450,46,75249,110,1,0,1600,4,1035,1,0,0
443,11950,54,75231,110,1,0,1600,5,1080,1,0,0
444,11750,48,75045,110,1,0,1600,3,1055,1,0,0
445,10950,50,74849,110,1,1,1600,4,1060,1,0,0
446,11950,55,74715,110,1,0,1600,5,1080,1,0,0
447,10995,49,74656,69,0,0,1900,3,1105,0,1,0
448,11450,56,74500,97,0,0,1400,3,1025,1,0,0
449,8900,49,74494,110,1,0,1600,5,1075,1,0,0
450,10500,50,73634,110,0,0,1587,5,1075,1,0,0
451,11750,47,73403,110,1,0,1600,5,1075,1,0,0
452,11450,49,73175,97,1,0,1400,3,1030,1,0,0
453,12000,52,73000,110,0,0,1600,3,1055,1,0,0
454,11950,50,72242,110,0,1,1600,3,1070,1,0,0
455,9850,53,72000,97,1,0,1400,3,1025,1,0,0
456,10950,54,71725,110,1,0,1600,4,1035,1,0,0
457,10950,54,71276,110,0,0,1600,5,1080,1,0,0
458,8695,50,70440,69,1,0,1900,3,1105,0,1,0
459,10990,53,70239,110,0,0,1600,3,1040,1,0,0
460,9500,55,69813,97,1,0,1400,3,1025,1,0,0
461,11950,49,69659,86,0,0,1300,3,1025,1,0,0
462,10750,46,69574,97,0,0,1400,5,1065,1,0,0
463,8750,47,69000,69,1,0,1900,5,1140,0,1,0
464,8750,49,68565,110,1,0,1600,4,1030,1,0,0
465,11450,55,68520,72,1,0,2000,3,1115,0,1,0
466,9950,46,68414,97,0,0,1400,3,1025,1,0,0
467,11950,56,66777,110,0,0,1600,5,1090,1,0,0
468,13950,52,66527,110,1,0,1600,5,1080,1,0,0
469,11250,54,66063,110,1,0,1600,5,1090,1,0,0
470,10900,50,65471,97,1,0,1400,5,1060,1,0,0
471,9750,56,65400,97,1,0,1400,3,1025,1,0,0
472,9950,52,65170,97,1,0,1400,3,1025,1,0,0
473,11950,56,65000,110,1,0,1600,5,1075,1,0,0
474,10450,48,64193,110,1,0,1600,3,1040,1,0,0
475,8950,54,64000,97,1,0,1400,3,1025,1,0,0
476,10250,54,63792,110,1,0,1600,5,1075,1,0,0
477,9930,53,63635,110,1,0,1600,4,1035,1,0,0
478,10500,54,63135,110,1,0,1600,3,1050,1,0,0
479,11950,54,63123,110,1,0,1600,4,1035,1,0,0
480,11500,48,63000,69,1,0,1900,5,1140,0,1,0
481,11500,55,63000,110,0,0,1600,4,1035,1,0,0
482,11450,54,62987,110,0,0,1600,5,1080,1,0,0
483,9900,56,62751,110,0,0,1600,3,1050,1,0,0
484,9500,54,62519,97,0,0,1400,3,1025,1,0,0
485,10500,50,62280,97,1,0,1400,5,1060,1,0,0
486,10750,50,61672,110,0,0,1600,5,1075,1,0,0
487,8950,54,61000,69,0,0,2000,5,1140,0,1,0
488,12000,56,61000,110,1,0,1600,3,1050,1,0,0
489,9940,53,60558,110,1,0,1600,4,1105,1,0,0
490,10950,47,60348,110,0,0,1600,4,1030,1,0,0
491,10750,54,60239,110,1,0,1600,5,1075,1,0,0
492,9799,51,59000,97,1,0,1400,3,1025,1,0,0
493,11750,51,58761,97,0,0,1300,5,1060,1,0,0
494,11950,54,58745,110,1,0,1600,4,1035,1,0,0
495,11250,52,58596,110,1,0,1600,3,1045,1,0,0
496,11750,54,58530,110,0,0,1600,5,1075,1,0,0
497,10950,55,58377,110,1,0,1600,3,1050,1,0,0
498,11250,56,58142,110,1,0,1600,5,1080,1,0,0
499,9950,53,57948,97,1,0,1400,3,1025,1,0,0
500,9700,51,57645,110,0,0,1600,5,1080,1,0,0
501,11950,47,57500,110,1,0,1600,4,1105,1,0,0
502,9900,53,57475,110,0,0,1600,3,1040,1,0,0
503,9990,55,56743,110,0,0,1600,3,1045,1,0,0
504,9475,48,56675,97,1,0,1400,3,1025,1,0,0
505,11500,54,55877,110,1,0,1600,5,1075,1,0,0
506,11950,53,55500,110,1,0,1600,4,1035,1,0,0
507,11500,55,54900,97,1,0,1400,5,1060,1,0,0
508,10500,50,54465,110,0,0,1600,5,1075,1,0,0
509,10900,46,53700,97,1,0,1400,5,1060,1,0,0
510,11700,52,53561,97,1,0,1400,5,1060,1,0,0
511,11900,51,53408,110,1,0,1600,5,1080,1,0,0
512,13950,51,53268,110,1,0,1600,5,1080,1,0,0
513,10950,49,53116,97,1,0,1400,3,1025,1,0,0
514,10500,56,52448,97,0,0,1400,3,1025,1,0,0
515,10750,55,52149,97,1,0,1400,3,1085,1,0,0
516,11950,55,52141,110,1,0,1600,5,1070,1,0,0
517,10000,56,52000,97,0,0,1400,3,1025,1,0,0
518,10495,48,50967,97,1,0,1400,5,1060,1,0,0
519,11450,50,50400,110,0,0,1600,5,1080,1,0,0
520,9400,54,50000,97,1,0,1400,3,1025,1,0,0
521,11950,51,50000,86,1,0,1300,5,1045,1,0,0
522,9650,53,49969,110,0,0,1600,5,1075,1,0,0
523,18950,49,49568,110,1,0,1600,3,1105,1,0,0
524,11450,51,49473,110,0,0,1600,3,1055,1,0,0
525,10250,52,49432,110,1,0,1600,3,1050,1,0,0
526,11450,48,49417,110,1,0,1600,3,1045,1,0,0
527,9950,54,49366,97,1,0,1400,3,1025,1,0,0
528,10500,56,48731,110,1,0,1600,3,1055,1,0,0
529,13750,54,48370,110,1,0,1600,5,1080,1,0,0
530,9950,48,48071,97,0,0,1400,3,1025,1,0,0
531,10250,54,47852,110,1,0,1600,4,1030,1,0,0
532,10850,54,47768,110,0,0,1600,3,1055,1,0,0
533,11895,52,47689,110,0,0,1600,5,1075,1,0,0
534,12950,53,47451,110,1,0,1600,3,1055,1,0,0
535,11950,50,47219,110,1,0,1600,5,1080,1,0,0
536,10750,56,47211,110,1,0,1600,5,1070,1,0,0
537,9550,54,46856,97,0,0,1400,5,1060,1,0,0
538,10950,56,46500,86,0,0,1300,5,1035,1,0,0
539,11750,52,46449,110,1,0,1600,4,1035,1,0,0
540,10950,47,46391,110,0,0,1600,5,1075,1,0,0
541,12450,54,46230,110,1,0,1600,3,1055,1,0,0
542,10500,52,46029,110,1,0,1600,4,1030,1,0,0
543,10900,50,46000,97,0,0,1400,3,1025,1,0,0
544,12950,50,45900,110,1,0,1600,5,1075,1,0,0
545,10950,47,45850,97,0,0,1400,5,1060,1,0,0
546,12500,56,45336,110,1,0,1600,5,1080,1,0,0
547,9950,55,44537,97,0,0,1400,3,1025,1,0,0
548,10750,56,43700,86,1,0,1300,3,1025,1,0,0
549,12500,48,43120,97,1,0,1400,3,1030,1,0,0
550,10450,49,41710,110,0,0,1600,3,1040,1,0,0
551,10750,52,41700,97,1,0,1400,3,1025,1,0,0
552,12950,49,41636,110,1,0,1600,5,1105,1,0,0
553,10995,50,41273,97,0,0,1400,5,1060,1,0,0
554,11950,49,40836,110,0,1,1600,3,1075,1,0,0
555,11250,50,40400,97,1,0,1400,5,1060,1,0,0
556,11950,47,40361,110,1,0,1600,5,1090,1,0,0
557,13750,54,40325,86,0,0,1300,5,1045,1,0,0
558,11000,47,40000,110,0,0,1600,5,1080,1,0,0
559,13500,50,39706,110,1,0,1600,5,1080,1,0,0
560,10950,54,39291,110,1,0,1600,3,1040,1,0,0
561,10750,54,39000,97,0,0,1400,3,1025,1,0,0
562,8950,47,38900,97,1,0,1400,3,1025,1,0,0
563,12950,51,38403,110,0,0,1600,3,1055,1,0,0
564,9750,56,37461,97,0,0,1400,3,1025,1,0,0
565,10900,54,37000,97,1,0,1400,3,1025,1,0,0
566,10995,55,36406,110,1,0,1600,4,1035,1,0,0
567,10750,48,36005,97,1,0,1400,5,1065,1,0,0
568,10950,52,36000,110,1,0,1600,5,1075,1,0,0
569,13000,49,36000,110,0,0,1600,5,1080,1,0,0
570,12950,45,36000,110,1,1,1600,3,1070,1,0,0
571,11500,52,35823,110,0,0,1600,5,1075,1,0,0
572,10950,56,35230,97,0,0,1400,3,1025,1,0,0
573,11710,48,35142,110,0,0,1600,3,1055,1,0,0
574,9980,49,34890,97,0,0,1400,3,1025,1,0,0
575,12250,51,34882,110,1,0,1600,5,1075,1,0,0
576,11500,46,34000,110,1,0,1600,5,1075,1,0,0
577,11950,56,33998,110,0,0,1600,5,1080,1,0,0
578,11500,55,33230,110,0,0,1600,3,1050,1,0,0
579,11900,46,33021,110,1,0,1600,5,1080,1,0,0
580,11930,49,31999,97,0,0,1400,3,1030,1,0,0
581,10500,52,31579,97,0,0,1400,3,1025,1,0,0
582,8950,56,31000,97,0,0,1400,3,1025,1,0,0
583,10450,46,30806,97,1,0,1400,5,1060,1,0,0
584,10500,55,30461,86,1,0,1300,5,1050,1,0,0
585,12950,50,29686,110,1,1,1600,3,1075,1,0,0
586,9950,55,29650,86,0,0,1300,3,1025,1,0,0
587,12900,52,29500,110,1,0,1600,3,1055,1,0,0
588,9950,48,28656,97,0,0,1400,3,1085,1,0,0
589,9950,55,27500,97,1,0,1400,3,1025,1,0,0
590,10950,48,26938,110,1,0,1600,3,1040,1,0,0
591,10950,53,26624,97,0,0,1400,5,1060,1,0,0
592,9950,47,26221,97,1,0,1400,3,1025,1,0,0
593,10950,50,22648,97,1,0,1400,5,1060,1,0,0
594,10800,50,22500,97,1,0,1400,3,1025,1,0,0
595,10500,56,19313,97,0,0,1400,3,1025,1,0,0
596,10450,50,17619,110,0,0,1600,4,1030,1,0,0
597,10600,51,17069,97,1,0,1400,3,1025,1,0,0
598,10450,48,15000,97,1,0,1400,3,1025,1,0,0
599,12950,50,10210,97,0,0,1400,5,1065,1,0,0
600,11250,47,5309,110,1,1,1600,3,1070,1,0,0
601,7500,50,1,90,1,0,2000,3,1260,0,1,0
602,8950,52,31000,97,0,0,1398,3,1025,1,0,0
603,6950,58,205000,72,1,0,2000,4,1100,0,1,0
604,7900,68,204250,72,0,0,2000,3,1115,0,1,0
605,5950,68,194545,86,0,0,1300,4,1000,1,0,0
606,7500,59,190900,72,1,0,2000,3,1115,0,1,0
607,7500,62,183500,72,1,0,2000,5,1140,0,1,0
608,6900,65,176184,72,1,0,2000,3,1115,0,1,0
609,5751,67,174833,72,0,0,2000,4,1100,0,1,0
610,6950,68,155720,86,1,0,1300,3,1015,1,0,0
611,7950,67,155500,110,1,0,1600,5,1050,1,0,0
612,7750,59,154783,72,1,0,2000,3,1120,0,1,0
613,7950,64,154462,72,1,0,2000,5,1135,0,1,0
614,8250,64,150585,110,1,0,1600,3,1065,1,0,0
615,6250,67,149000,90,1,0,2000,5,1135,0,1,0
616,9500,62,147636,72,0,0,2000,5,1135,0,1,0
617,6900,59,144521,72,1,0,2000,5,1135,0,1,0
618,8450,64,144000,110,1,0,1600,3,1065,0,0,1
619,7350,65,140168,72,1,0,2000,3,1115,0,1,0
620,8950,68,140000,110,1,0,1600,5,1085,1,0,0
621,6900,60,139800,72,0,0,2000,3,1115,0,1,0
622,8950,59,137050,110,1,0,1600,3,1078,0,0,1
623,8750,61,136956,110,0,0,1600,3,1065,1,0,0
624,7950,67,135337,110,1,0,1600,5,1120,0,0,1
625,8950,64,133769,72,1,0,2000,3,1120,0,1,0
626,8950,58,133405,72,1,0,2000,5,1135,0,1,0
627,8950,65,132807,72,1,0,2000,5,1135,0,1,0
628,7950,64,132393,72,0,0,2000,5,1135,0,1,0
629,7750,60,130270,110,0,0,1600,3,1050,1,0,0
630,7500,59,130000,72,1,0,2000,4,1135,0,1,0
631,8950,67,127000,72,1,0,2000,5,1135,0,1,0
632,9800,67,126800,72,0,0,2000,5,1135,0,1,0
633,9450,66,126452,110,1,0,1600,5,1085,1,0,0
634,8950,62,125175,116,0,0,2000,5,1150,0,1,0
635,8750,68,125000,72,1,0,2000,3,1115,0,1,0
636,10500,61,123000,72,0,0,2000,5,1135,0,1,0
637,7995,59,121626,86,0,0,1300,5,1050,1,0,0
638,10450,64,120400,110,0,0,1600,5,1090,1,0,0
639,9950,66,120000,72,0,0,2000,4,1100,0,1,0
640,9950,68,119541,110,0,0,1600,3,1055,1,0,0
641,8950,68,119500,110,1,0,1600,5,1070,1,0,0
642,7950,68,119289,110,1,0,1600,4,1035,1,0,0
643,10950,57,118833,110,0,0,1600,3,1065,1,0,0
644,9950,64,118000,72,1,0,2000,5,1150,0,1,0
645,8600,68,117955,110,1,1,1600,4,1065,1,0,0
646,7250,65,117609,86,0,0,1300,3,1015,1,0,0
647,6950,68,117000,72,0,0,2000,3,1115,0,1,0
648,8000,64,116000,86,0,0,1300,5,1045,1,0,0
649,9950,58,115715,110,0,0,1600,5,1070,1,0,0
650,9450,60,115191,110,1,0,1600,4,1079,0,0,1
651,7950,68,115071,110,1,0,1600,3,1055,1,0,0
652,9450,63,115000,110,0,0,1600,3,1109,0,0,1
653,9950,64,114846,110,1,0,1600,5,1075,1,0,0
654,6950,65,114383,90,0,0,2000,3,1260,0,1,0
655,8250,59,113700,110,1,0,1600,5,1065,1,0,0
656,9950,67,113118,86,1,0,1300,3,1020,1,0,0
657,8250,59,112827,86,1,0,1300,5,1040,1,0,0
658,9950,68,112116,110,1,0,1600,5,1070,1,0,0
659,10500,66,112000,110,1,0,1600,3,1065,1,0,0
660,7950,62,112000,72,0,0,2000,4,1135,0,1,0
661,9750,65,111769,110,0,0,1600,3,1065,1,0,0
662,9250,61,110853,110,1,0,1600,5,1070,1,0,0
663,9500,68,110287,110,1,0,1600,3,1050,1,0,0
664,9950,62,109547,110,0,0,1600,5,1075,1,0,0
665,7750,63,109230,110,0,0,1600,3,1050,1,0,0
666,9500,68,109150,110,0,0,1600,5,1075,1,0,0
667,9950,67,108793,110,1,0,1600,4,1035,1,0,0
668,9750,64,106784,110,0,1,1600,3,1050,1,0,0
669,9750,58,105942,86,0,0,1300,5,1040,1,0,0
670,5950,59,105000,86,1,0,1300,3,1015,1,0,0
671,8500,62,105000,86,0,0,1300,5,1040,1,0,0
672,8495,68,104299,110,1,0,1600,5,1085,1,0,0
673,9250,67,104000,86,0,0,1300,3,1020,1,0,0
674,6900,68,104000,86,1,0,1300,3,1015,1,0,0
675,8950,58,103458,86,1,0,1300,3,1025,1,0,0
676,9500,63,103400,110,1,0,1600,5,1075,1,0,0
677,9250,63,102807,86,0,0,1300,5,1055,1,0,0
678,9895,68,102494,110,0,0,1600,5,1090,1,0,0
679,9950,57,102300,72,1,0,2000,5,1135,0,1,0
680,7950,61,102106,110,0,0,1600,3,1050,1,0,0
681,8750,68,101889,110,1,0,1600,5,1075,1,0,0
682,8250,57,101791,72,0,0,2000,3,1115,0,1,0
683,8950,63,101469,110,1,0,1600,3,1065,1,0,0
684,8950,68,101001,110,0,0,1600,5,1075,1,0,0
685,8950,61,100748,110,0,0,1600,5,1070,1,0,0
686,8950,65,100550,110,1,0,1600,5,1075,1,0,0
687,9450,67,99781,110,1,0,1600,5,1085,1,0,0
688,8950,59,98658,86,1,0,1300,3,1020,1,0,0
689,9250,65,98500,110,1,0,1600,5,1075,1,0,0
690,8750,64,98291,86,0,0,1300,4,1000,1,0,0
691,9950,61,97648,110,1,0,1600,3,1065,1,0,0
692,9950,61,97425,110,1,0,1600,5,1075,1,0,0
693,9900,65,97173,86,0,0,1300,3,1015,1,0,0
694,8950,66,97046,86,1,0,1300,4,1000,1,0,0
695,8950,67,96000,110,1,0,1600,3,1050,1,0,0
696,12250,60,96000,72,0,0,2000,4,1100,0,1,0
697,9250,67,95750,110,1,0,1600,5,1070,1,0,0
698,10250,61,95147,110,1,0,1600,3,1050,1,0,0
699,8950,68,95000,110,0,0,1600,3,1050,1,0,0
700,7999,65,95000,110,1,0,1600,3,1050,1,0,0
701,9900,66,94606,110,0,0,1600,3,1065,1,0,0
702,8250,63,94504,86,1,0,1300,4,1000,1,0,0
703,10500,65,93428,110,1,0,1600,5,1075,1,0,0
704,8450,65,93408,86,0,0,1300,3,1015,1,0,0
705,9900,68,93296,110,1,0,1600,5,1090,1,0,0
706,10500,62,93098,110,1,0,1600,5,1075,1,0,0
707,8500,67,92922,72,1,0,2000,4,1100,0,1,0
708,9500,61,92498,110,1,0,1600,3,1050,1,0,0
709,9450,65,92226,110,0,0,1600,3,1065,1,0,0
710,9900,68,91505,72,0,0,2000,3,1115,0,1,0
711,8250,64,91333,110,1,0,1600,3,1050,1,0,0
712,8750,65,91246,86,1,0,1300,3,1015,1,0,0
713,9500,58,91000,110,1,0,1600,5,1075,1,0,0
714,8450,68,90727,110,0,0,1600,3,1050,1,0,0
715,8490,62,90000,110,0,0,1600,3,1050,1,0,0
716,8750,60,89576,110,0,0,1600,4,1035,1,0,0
717,9750,64,89145,86,1,0,1300,3,1025,1,0,0
718,9950,63,89000,110,1,0,1600,5,1085,1,0,0
719,8500,68,88807,110,0,0,1600,3,1050,1,0,0
720,8450,63,88685,110,0,0,1600,5,1070,1,0,0
721,7900,62,88667,110,1,0,1600,4,1040,1,0,0
722,8750,57,88480,110,1,0,1600,3,1050,1,0,0
723,7950,61,88127,86,0,0,1300,3,1015,1,0,0
724,6900,62,88000,86,0,0,1300,3,1020,1,0,0
725,8150,65,87821,86,1,0,1300,3,1015,1,0,0
726,10995,59,87654,86,1,1,1300,5,1065,1,0,0
727,8900,59,86888,110,1,0,1600,3,1050,1,0,0
728,9500,59,86871,86,1,0,1300,5,1040,1,0,0
729,8950,68,86714,110,1,0,1600,4,1035,1,0,0
730,11500,65,85889,110,0,0,1600,3,1065,1,0,0
731,10450,62,85000,110,1,0,1600,3,1050,1,0,0
732,10500,60,85000,86,1,0,1300,3,1025,1,0,0
733,9250,68,84976,110,1,0,1600,4,1035,1,0,0
734,10950,65,84558,110,1,0,1600,5,1120,1,0,0
735,10450,62,84549,110,0,0,1600,5,1075,1,0,0
736,9250,68,84482,110,1,0,1600,5,1075,1,0,0
737,8750,62,83908,110,1,0,1600,5,1070,1,0,0
738,8750,67,83560,86,0,0,1300,3,1015,1,0,0
739,9800,68,83000,107,1,1,1600,5,1100,1,0,0
740,8250,64,82723,86,0,0,1300,3,1015,1,0,0
741,10450,62,82421,110,1,0,1600,3,1065,1,0,0
742,9750,58,82254,110,0,0,1600,5,1050,1,0,0
743,8950,61,82115,110,1,0,1600,3,1055,1,0,0
744,7450,65,82000,86,1,0,1300,3,1015,1,0,0
745,8450,68,81965,86,1,0,1300,5,1035,1,0,0
746,8250,66,81250,110,0,0,1600,3,1050,1,0,0
747,10950,65,81192,110,1,0,1600,3,1065,1,0,0
748,8950,61,81170,110,1,0,1600,4,1040,1,0,0
749,8750,66,81083,86,0,0,1300,3,1015,1,0,0
750,10450,61,80714,110,1,0,1600,5,1075,1,0,0
751,10950,57,80470,110,0,0,1600,5,1085,1,0,0
752,8450,65,80439,110,1,0,1600,4,1035,1,0,0
753,9950,59,80430,110,1,0,1600,3,1065,1,0,0
754,9950,68,80426,110,1,0,1600,3,1055,1,0,0
755,8750,62,80265,86,0,0,1300,3,1015,1,0,0
756,9950,65,80153,110,0,0,1600,5,1070,1,0,0
757,9500,68,80121,110,0,0,1600,5,1070,1,0,0
758,8250,65,80086,110,1,0,1600,4,1035,1,0,0
759,10950,62,80000,110,0,0,1600,5,1075,1,0,0
760,7950,60,80000,86,0,0,1300,5,1015,1,0,0
761,8250,65,80000,86,1,0,1300,2,1015,1,0,0
762,9895,67,79858,110,1,0,1600,4,1040,1,0,0
763,9130,67,79762,86,1,0,1300,3,1015,1,0,0
764,10950,59,79660,86,0,1,1300,5,1065,1,0,0
765,10500,60,79150,110,1,0,1600,5,1075,1,0,0
766,8900,61,79000,110,1,0,1600,3,1050,1,0,0
767,9500,57,78955,86,1,0,1300,5,1045,1,0,0
768,10950,59,78750,90,1,0,1975,5,1155,0,1,0
769,7950,68,78521,86,0,0,1300,3,1015,1,0,0
770,7950,64,78356,86,1,0,1300,3,1015,1,0,0
771,7950,65,78076,86,1,0,1300,3,1015,1,0,0
772,9500,61,78063,107,1,1,1600,5,1100,1,0,0
773,10950,67,77821,110,1,0,1600,5,1075,1,0,0
774,9750,68,77695,110,1,0,1600,4,1035,1,0,0
775,9750,65,77500,110,1,0,1600,3,1050,1,0,0
776,9450,63,77457,110,1,0,1600,3,1055,1,0,0
777,8950,68,77029,86,1,0,1300,3,1015,1,0,0
778,8950,68,77008,86,1,0,1300,3,1015,1,0,0
779,8900,66,76791,110,1,0,1600,5,1070,1,0,0
780,9950,61,76700,86,1,0,1300,5,1035,1,0,0
781,8750,67,76569,86,1,0,1300,3,1020,1,0,0
782,8950,59,76162,110,1,0,1600,5,1075,1,0,0
783,8990,65,76155,110,1,0,1600,4,1035,1,0,0
784,8950,61,75609,86,1,0,1300,3,1015,1,0,0
785,8950,62,75569,72,1,0,2000,3,1120,0,1,0
786,9950,67,75429,110,1,0,1600,3,1065,1,0,0
787,9900,68,75000,110,1,0,1600,5,1075,1,0,0
788,8950,65,75000,86,0,0,1300,3,1015,1,0,0
789,8950,62,75000,110,1,0,1600,5,1070,1,0,0
790,9500,66,74963,107,0,1,1600,3,1085,1,0,0
791,7950,68,74889,86,1,0,1300,3,1015,1,0,0
792,7750,68,74875,110,0,0,1600,5,1070,1,0,0
793,8950,63,74747,110,1,0,1600,5,1075,1,0,0
794,11950,60,74720,110,1,0,1600,5,1085,1,0,0
795,8950,62,74457,110,0,0,1600,5,1075,1,0,0
796,11950,60,74337,86,0,0,1300,5,1035,1,0,0
797,8950,68,74308,110,0,0,1600,3,1050,1,0,0
798,9950,64,74193,110,0,0,1600,3,1050,1,0,0
799,8250,65,74179,110,1,0,1600,3,1050,1,0,0
800,8995,67,73936,86,1,0,1300,5,1050,1,0,0
801,9995,61,73894,110,1,0,1600,3,1065,1,0,0
802,9250,64,73500,110,1,0,1600,3,1050,1,0,0
803,10950,64,73376,110,0,0,1600,5,1070,1,0,0
804,8900,64,73300,86,1,0,1300,3,1015,1,0,0
805,9500,58,73172,110,1,0,1600,5,1075,1,0,0
806,9950,58,72928,110,1,0,1600,5,1075,1,0,0
807,7950,67,72880,86,1,0,1332,3,1015,1,0,0
808,8250,63,72522,110,1,0,1600,3,1050,1,0,0
809,9450,64,72000,86,1,0,1300,3,1015,1,0,0
810,7950,57,72000,86,0,0,1300,3,1015,1,0,0
811,9500,59,71366,110,0,0,1600,3,1065,1,0,0
812,8950,65,71317,110,0,0,1600,3,1050,1,0,0
813,10950,62,71000,110,0,0,1600,5,1070,1,0,0
814,8950,60,70954,110,0,0,1600,3,1050,1,0,0
815,9450,63,70908,86,0,0,1300,5,1035,1,0,0
816,8000,58,70560,110,1,0,1600,3,1050,1,0,0
817,9900,67,70552,110,0,0,1600,5,1075,1,0,0
818,8950,62,70500,110,1,0,1600,5,1035,1,0,0
819,10900,60,70453,72,0,0,2000,5,1135,0,1,0
820,9450,59,70218,110,1,0,1600,3,1050,1,0,0
821,8450,64,70116,110,1,0,1600,4,1035,1,0,0
822,9500,65,70068,110,1,0,1600,5,1075,1,0,0
823,10500,67,70000,107,1,1,1587,3,1065,1,0,0
824,6950,68,70000,86,1,0,1300,3,1015,1,0,0
825,9750,68,69103,110,0,0,1600,4,1035,1,0,0
826,6950,58,69022,86,1,0,1300,5,1035,1,0,0
827,9650,67,69000,110,1,0,1600,3,1065,1,0,0
828,9950,68,68865,110,1,0,1600,3,1065,1,0,0
829,9250,58,68723,86,0,0,1300,3,1025,1,0,0
830,8950,63,68453,110,1,0,1600,5,1070,1,0,0
831,9900,63,68238,86,0,0,1300,5,1050,1,0,0
832,10995,63,68153,110,1,0,1600,5,1085,1,0,0
833,10500,65,68000,110,0,0,1600,5,1075,1,0,0
834,8950,65,68000,86,1,0,1300,3,1015,1,0,0
835,9750,67,67762,110,1,0,1600,3,1065,1,0,0
836,10950,68,67146,110,1,0,1600,5,1075,1,0,0
837,9750,67,67110,86,1,0,1300,5,1035,1,0,0
838,9950,59,67010,110,1,0,1600,3,1065,1,0,0
839,10500,65,67003,110,1,0,1600,4,1035,1,0,0
840,10400,68,66785,86,0,1,1300,3,1045,1,0,0
841,8800,68,66550,86,0,0,1332,3,1010,1,0,0
842,10500,61,66259,110,1,0,1600,3,1065,1,0,0
843,9250,62,66082,110,0,0,1600,5,1070,1,0,0
844,7800,65,66000,86,1,0,1300,3,1015,1,0,0
845,9950,61,66000,110,0,0,1600,3,1050,1,0,0
846,10750,63,65896,110,1,0,1600,3,1065,1,0,0
847,10950,67,65785,110,1,0,1600,5,1075,1,0,0
848,9950,65,65513,110,1,1,1600,4,1070,1,0,0
849,9950,59,65463,110,1,0,1600,5,1070,1,0,0
850,8100,68,65400,86,1,0,1300,4,1000,1,0,0
851,9250,60,65259,110,1,0,1600,3,1050,1,0,0
852,7800,64,65000,110,1,0,1600,3,1050,1,0,0
853,9000,68,65000,110,0,0,1600,5,1070,1,0,0
854,8950,57,65000,110,0,0,1600,4,1035,1,0,0
855,8950,62,64966,86,0,0,1300,3,1020,1,0,0
856,9950,68,64950,110,1,0,1600,5,1075,1,0,0
857,8500,60,64914,110,1,0,1600,5,1070,1,0,0
858,7995,62,64797,110,1,0,1600,5,1075,1,0,0
859,8750,65,64772,110,1,0,1600,3,1050,1,0,0
860,9750,63,64690,86,0,0,1300,3,1020,1,0,0
861,10950,65,64630,110,0,0,1600,5,1070,1,0,0
862,9750,67,64613,110,1,0,1600,5,1085,1,0,0
863,8200,60,64383,86,0,0,1300,3,1015,1,0,0
864,8950,68,64000,110,0,0,1600,5,1075,1,0,0
865,9500,66,63881,86,0,0,1300,3,1015,1,0,0
866,10950,58,63870,72,0,0,2000,5,1135,0,1,0
867,9750,66,63328,86,0,1,1300,5,1065,1,0,0
868,9950,65,63000,86,1,1,1300,5,1065,1,0,0
869,10450,61,63000,86,0,1,1300,3,1050,1,0,0
870,9850,65,62396,110,0,0,1600,3,1050,1,0,0
871,9450,62,62377,110,1,0,1600,5,1075,1,0,0
872,10295,67,62316,110,1,0,1600,3,1050,1,0,0
873,9750,68,62292,110,1,0,1600,3,1065,1,0,0
874,8950,65,62225,110,1,0,1600,3,1050,1,0,0
875,9900,68,62222,110,0,0,1600,5,1075,1,0,0
876,8750,66,62135,86,1,0,1300,5,1035,1,0,0
877,9950,58,62024,110,1,0,1600,5,1075,1,0,0
878,8500,60,61977,86,1,0,1300,3,1015,1,0,0
879,9950,62,61930,110,1,0,1600,4,1035,1,0,0
880,10950,57,61682,110,0,0,1600,3,1050,1,0,0
881,9795,68,61568,110,1,0,1600,4,1035,1,0,0
882,8750,68,61504,110,1,0,1600,4,1035,1,0,0
883,8250,65,61384,110,1,0,1600,3,1050,1,0,0
884,9950,58,61343,110,1,0,1600,5,1075,1,0,0
885,9950,62,61254,110,0,0,1600,5,1075,1,0,0
886,10500,59,61166,110,1,0,1600,3,1050,1,0,0
887,9750,62,61149,86,1,0,1300,5,1040,1,0,0
888,11250,61,61144,110,1,0,1600,5,1090,1,0,0
889,8900,59,61127,110,1,0,1600,3,1050,1,0,0
890,7950,60,61100,86,1,0,1300,3,1015,1,0,0
891,11500,68,61100,110,1,0,1600,5,1075,1,0,0
892,9450,57,61000,110,1,0,1600,3,1050,1,0,0
893,7995,65,60724,86,1,0,1300,3,1015,1,0,0
894,10995,59,60708,86,1,0,1300,5,1045,1,0,0
895,8950,61,60532,110,1,0,1600,3,1050,1,0,0
896,8250,67,60000,86,0,1,1300,4,1030,1,0,0
897,8950,66,60000,86,1,0,1300,3,1015,1,0,0
898,8950,65,60000,86,1,0,1300,3,1015,1,0,0
899,9500,62,59295,86,0,0,1300,5,1035,1,0,0
900,7500,65,59264,86,0,0,1300,3,1015,1,0,0
901,8950,63,59000,110,0,0,1600,3,1050,1,0,0
902,9950,63,59000,86,1,0,1300,5,1035,1,0,0
903,9750,65,59000,110,0,0,1600,5,1075,1,0,0
904,9450,61,59000,110,1,0,1600,5,1070,1,0,0
905,9950,65,59000,110,0,0,1600,3,1050,1,0,0
906,9750,68,58860,110,1,0,1600,3,1055,1,0,0
907,8950,65,58829,110,0,0,1600,3,1050,1,0,0
908,8250,66,58654,110,1,0,1600,5,1070,1,0,0
909,7750,65,58300,86,1,0,1300,3,1015,1,0,0
910,8950,60,58269,110,1,0,1600,3,1050,1,0,0
911,9950,64,58136,110,1,0,1600,5,1075,1,0,0
912,9450,66,58113,107,1,1,1600,3,1085,1,0,0
913,12950,67,58058,110,1,0,1600,3,1065,1,0,0
914,9950,58,58000,110,1,0,1600,3,1050,1,0,0
915,10495,62,58000,110,1,0,1600,3,1065,1,0,0
916,7950,68,57565,86,1,0,1300,5,1035,1,0,0
917,10500,63,57413,107,0,1,1600,5,1115,1,0,0
918,8950,65,57374,110,1,0,1600,5,1075,1,0,0
919,9900,62,57179,110,1,0,1600,5,1075,1,0,0
920,9995,61,57169,110,1,0,1600,3,1065,1,0,0
921,9950,63,57124,110,1,0,1600,3,1065,1,0,0
922,9950,63,57000,110,1,0,1600,3,1050,1,0,0
923,8250,67,57000,110,0,0,1600,3,1050,1,0,0
924,9950,63,57000,86,1,0,1300,5,1035,1,0,0
925,8950,59,56259,86,0,0,1300,3,1015,1,0,0
926,10950,62,56209,107,1,1,1600,3,1080,1,0,0
927,9250,67,56074,86,0,0,1300,4,1000,1,0,0
928,9950,63,55942,110,1,0,1600,5,1070,1,0,0
929,9995,57,55844,86,1,0,1300,5,1045,1,0,0
930,8750,61,55747,86,0,0,1300,3,1020,1,0,0
931,10950,58,55478,86,0,0,1300,5,1045,1,0,0
932,10350,60,55085,107,0,1,1600,5,1105,1,0,0
933,9950,65,55061,110,1,0,1600,5,1070,1,0,0
934,8950,65,55000,86,1,0,1300,3,1015,1,0,0
935,10950,57,55000,110,0,0,1600,5,1075,1,0,0
936,10950,63,54936,110,1,0,1600,5,1075,1,0,0
937,8950,68,54875,110,1,0,1600,5,1070,1,0,0
938,8900,67,54847,110,0,0,1600,3,1050,1,0,0
939,10250,60,54554,110,1,0,1600,3,1065,1,0,0
940,9450,61,54125,110,1,0,1600,5,1035,1,0,0
941,9250,61,54000,110,1,0,1600,3,1055,1,0,0
942,10500,57,54000,110,1,0,1600,5,1075,1,0,0
943,7350,58,54000,86,0,0,1300,5,1035,1,0,0
944,10250,57,54000,110,1,0,1600,3,1135,1,0,0
945,10250,62,53285,110,1,0,1600,5,1075,1,0,0
946,11500,65,53053,110,1,0,1600,5,1075,1,0,0
947,8950,68,53000,110,1,1,1587,3,1075,1,0,0
948,7750,68,53000,86,0,0,1300,3,1015,1,0,0
949,9500,64,52968,110,1,0,1600,3,1050,1,0,0
950,8450,67,52800,86,1,0,1300,3,1015,1,0,0
951,8950,57,52548,110,0,0,1600,3,1050,1,0,0
952,8400,60,52487,110,1,0,1600,4,1035,1,0,0
953,9250,66,52383,86,0,0,1300,3,1015,1,0,0
954,8900,61,52112,110,1,0,1600,4,1035,1,0,0
955,8750,58,51712,110,0,0,1600,3,1050,1,0,0
956,10950,58,51421,110,0,1,1600,5,1105,1,0,0
957,8950,61,51235,86,1,0,1300,4,1000,1,0,0
958,8950,65,51000,86,1,0,1300,3,1015,1,0,0
959,8895,61,50925,110,1,0,1600,5,1070,1,0,0
960,9390,66,50806,86,0,0,1300,3,1480,1,0,0
961,8750,59,50469,110,1,0,1600,5,1070,1,0,0
962,9750,61,50173,110,1,0,1600,5,1075,1,0,0
963,9950,62,50000,110,1,0,1600,5,1075,1,0,0
964,10950,65,49942,110,0,0,1600,3,1065,1,0,0
965,9900,67,49585,110,0,0,1600,5,1085,1,0,0
966,9500,62,49258,110,1,0,1600,4,1035,1,0,0
967,9950,61,49000,110,0,0,1600,3,1050,1,0,0
968,9950,63,48738,110,0,0,1600,5,1055,1,0,0
969,10500,62,47750,86,1,0,1300,5,1040,1,0,0
970,9950,63,47612,86,0,0,1300,3,1015,1,0,0
971,10495,68,47500,86,1,0,1300,5,1035,1,0,0
972,9500,66,47237,110,0,0,1600,3,1050,1,0,0
973,8500,58,47171,86,1,0,1300,3,1015,1,0,0
974,10450,60,47060,110,0,0,1600,4,1035,1,0,0
975,8950,65,47014,86,1,0,1300,3,1015,1,0,0
976,9900,59,46929,86,1,0,1300,3,1025,1,0,0
977,8900,63,46000,86,0,0,1300,5,1035,1,0,0
978,8745,65,45681,110,0,0,1600,3,1050,1,0,0
979,8750,65,45549,86,1,0,1300,3,1015,1,0,0
980,10750,57,45000,110,1,0,1600,5,1050,1,0,0
981,9750,57,45000,110,1,0,1600,3,1050,1,0,0
982,8850,65,45000,110,0,0,1600,5,1075,1,0,0
983,7950,66,45000,86,1,0,1300,5,1035,1,0,0
984,9450,63,45000,110,1,0,1600,4,1035,1,0,0
985,9950,61,45000,107,0,1,1600,3,1085,1,0,0
986,8250,63,44944,110,1,0,1600,4,1035,1,0,0
987,9950,61,44597,86,0,0,1300,3,1015,1,0,0
988,9995,68,44458,86,0,0,1300,3,1015,1,0,0
989,9950,59,43818,110,0,0,1600,5,1070,1,0,0
990,10495,60,43426,110,1,0,1600,5,1070,1,0,0
991,7950,58,43000,110,1,1,1600,4,1114,0,0,1
992,8950,68,43000,110,1,0,1600,5,1035,1,0,0
993,9695,57,43000,110,0,0,1600,5,1075,1,0,0
994,7750,64,43000,86,0,0,1300,3,1015,1,0,0
995,9950,68,42750,110,1,0,1600,3,1050,1,0,0
996,9950,67,42102,110,1,0,1600,5,1075,1,0,0
997,9950,63,41586,110,1,0,1600,5,1114,1,0,0
998,9900,64,41200,110,0,0,1600,5,1070,1,0,0
999,10950,57,40214,86,0,0,1300,3,1025,1,0,0
1000,8950,60,40000,86,1,0,1300,4,1000,1,0,0
1001,8950,66,39222,86,1,1,1300,3,1045,1,0,0
1002,8250,66,39144,110,1,0,1600,3,1050,1,0,0
1003,10250,62,39000,110,1,0,1600,5,1075,1,0,0
1004,8750,61,38019,110,1,0,1600,5,1070,1,0,0
1005,9750,68,37759,110,1,0,1600,5,1070,1,0,0
1006,10950,61,37500,110,0,0,1600,5,1085,1,0,0
1007,10950,60,37111,110,1,0,1600,3,1050,1,0,0
1008,9750,62,37000,86,0,0,1300,3,1015,1,0,0
1009,8900,59,36954,110,1,0,1600,3,1050,1,0,0
1010,9500,60,36943,110,0,0,1600,5,1070,1,0,0
1011,9950,63,36923,86,0,0,1300,5,1050,1,0,0
1012,9950,66,36658,110,0,0,1600,3,1050,1,0,0
1013,8250,65,36000,86,1,0,1300,3,1015,1,0,0
1014,10450,65,36000,110,1,0,1600,3,1065,1,0,0
1015,10950,62,35512,110,1,0,1600,3,1065,1,0,0
1016,9250,65,35283,86,1,0,1300,3,1015,1,0,0
1017,8900,68,35000,110,1,0,1600,3,1050,1,0,0
1018,10900,57,35000,86,1,0,1300,5,1045,1,0,0
1019,9750,64,34114,110,0,0,1600,3,1050,1,0,0
1020,11950,58,34000,110,0,0,1600,5,1075,1,0,0
1021,7900,68,33847,86,1,0,1300,4,1000,1,0,0
1022,10900,57,33535,110,0,0,1600,4,1035,1,0,0
1023,10450,65,33000,110,0,0,1600,3,1050,1,0,0
1024,10950,59,32150,110,1,0,1600,5,1085,1,0,0
1025,9950,65,31588,86,1,0,1300,3,1015,1,0,0
1026,10750,60,31480,110,1,0,1600,3,1065,1,0,0
1027,9900,57,31307,110,1,0,1600,5,1070,1,0,0
1028,10750,68,31000,110,1,0,1600,4,1035,1,0,0
1029,10450,58,30634,110,1,0,1600,5,1075,1,0,0
1030,9450,68,30300,86,1,0,1300,4,1000,1,0,0
1031,10750,60,28500,86,1,1,1300,3,1045,1,0,0
1032,10950,60,28500,110,0,0,1600,5,1075,1,0,0
1033,10000,57,28000,86,0,0,1300,3,1015,1,0,0
1034,10500,68,26698,110,0,0,1600,3,1055,1,0,0
1035,12500,62,26000,107,0,1,1600,3,1085,1,0,0
1036,8950,62,25505,86,1,0,1300,5,1035,1,0,0
1037,10500,58,25000,110,1,0,1600,5,1075,1,0,0
1038,9245,66,22835,110,1,0,1600,3,1050,1,0,0
1039,10950,59,22705,110,1,0,1600,5,1075,1,0,0
1040,9500,63,22178,86,1,0,1300,3,1015,1,0,0
1041,10900,62,17345,110,1,0,1600,3,1050,1,0,0
1042,10950,67,15535,86,1,1,1300,4,1030,1,0,0
1043,9450,66,15110,86,0,0,1300,5,1035,1,0,0
1044,5900,73,232940,72,0,0,2000,5,1172,0,1,0
1045,6950,79,218118,72,0,0,2000,5,1150,0,1,0
1046,6000,78,217764,72,1,0,2000,5,1135,0,1,0
1047,5250,79,207114,110,1,0,1600,5,1114,0,0,1
1048,4400,74,203254,72,1,0,2000,3,1135,0,1,0
1049,6750,77,200732,72,1,0,2000,4,1100,0,1,0
1050,8500,69,197501,72,0,0,2000,5,1135,0,1,0
1051,6150,80,194765,72,0,0,2000,3,1120,0,1,0
1052,6950,76,191620,72,0,0,2000,5,1150,0,1,0
1053,5750,76,183277,72,0,0,2000,3,1115,0,1,0
1054,8750,78,180378,72,1,0,2000,4,1100,0,1,0
1055,6500,70,178800,72,0,0,2000,3,1115,0,1,0
1056,5950,73,176177,110,1,0,1600,5,1075,1,0,0
1057,6500,78,176000,86,0,0,1300,5,1035,1,0,0
1058,10500,77,172980,72,1,0,2000,5,1135,0,1,0
1059,8500,77,170000,72,0,0,2000,4,1100,0,1,0
1060,7950,71,164000,110,1,0,1600,3,1050,1,0,0
1061,5800,78,161775,86,1,0,1300,3,1015,1,0,0
1062,6750,80,160000,86,0,0,1300,3,1015,1,0,0
1063,6950,78,159968,72,0,0,2000,3,1115,0,1,0
1064,5740,74,159908,110,0,0,1600,3,1050,1,0,0
1065,6550,73,158492,86,0,0,1300,3,1015,1,0,0
1066,8950,69,156204,72,1,0,2000,3,1115,0,1,0
1067,6750,73,156169,86,1,0,1300,5,1035,1,0,0
1068,7950,78,155210,110,0,0,1600,3,1050,1,0,0
1069,7950,69,155000,72,0,0,2000,3,1115,0,1,0
1070,7450,76,154900,72,1,0,2000,5,1140,0,1,0
1071,7750,70,151300,72,1,0,2000,5,1150,0,1,0
1072,6450,71,151000,110,1,0,1600,5,1094,0,0,1
1073,7900,75,150000,72,1,0,2000,3,1135,0,1,0
1074,6900,69,146304,72,1,0,2000,3,1115,0,1,0
1075,5600,75,146197,86,0,0,1300,3,1015,1,0,0
1076,5950,77,145996,110,0,0,1600,4,1035,1,0,0
1077,6950,80,143560,86,1,1,1300,3,1045,1,0,0
1078,7950,71,139145,73,0,0,2000,2,1115,0,1,0
1079,8950,79,138500,86,0,0,1300,5,1050,1,0,0
1080,7950,74,137741,90,1,0,2000,5,1135,0,1,0
1081,9500,80,137178,90,1,0,2000,5,1135,0,1,0
1082,8600,76,134889,72,1,0,2000,3,1115,0,1,0
1083,5950,71,134660,72,0,0,2000,5,1135,0,1,0
1084,7750,73,134539,110,0,0,1600,5,1070,1,0,0
1085,7950,79,131500,72,0,0,2000,5,1140,0,1,0
1086,6950,77,131307,110,1,0,1600,3,1050,1,0,0
1087,7250,74,130025,110,1,0,1600,3,1050,1,0,0
1088,6500,78,130000,86,0,0,1300,5,1015,1,0,0
1089,7250,77,128960,110,1,0,1600,5,1070,1,0,0
1090,9250,80,128351,110,1,0,1600,5,1070,1,0,0
1091,8250,73,128006,110,1,0,1600,3,1050,1,0,0
1092,7250,71,127159,72,1,0,2000,3,1115,0,1,0
1093,5250,72,126478,110,1,0,1600,4,1035,1,0,0
1094,7900,77,126000,110,1,0,1600,5,1050,1,0,0
1095,6900,76,125778,110,0,0,1600,3,1050,1,0,0
1096,7900,75,125400,110,0,0,1600,3,1050,1,0,0
1097,7250,74,124910,72,0,0,2000,5,1135,0,1,0
1098,8450,70,124743,110,1,0,1600,3,1050,1,0,0
1099,7950,76,124591,110,1,0,1600,5,1075,1,0,0
1100,7950,74,124057,110,1,0,1600,3,1050,1,0,0
1101,6450,72,123403,110,1,0,1600,3,1050,1,0,0
1102,6650,75,123104,110,1,0,1600,5,1070,1,0,0
1103,7950,74,123077,86,1,0,1300,3,1015,1,0,0
1104,7250,80,122820,86,0,0,1300,5,1040,1,0,0
1105,7450,77,122290,110,0,0,1600,3,1050,1,0,0
1106,7950,74,121900,110,1,0,1600,4,1035,1,0,0
1107,7250,77,121545,110,1,0,1600,5,1070,1,0,0
1108,8250,71,120474,72,1,0,2000,3,1115,0,1,0
1109,8950,76,120263,72,1,0,2000,5,1135,0,1,0
1110,7750,74,120196,110,1,0,1600,3,1050,1,0,0
1111,8500,71,120000,110,0,0,1600,5,1085,1,0,0
1112,7750,78,120000,110,0,0,1600,5,1075,1,0,0
1113,5750,73,115877,110,0,0,1600,4,1035,1,0,0
1114,6900,76,115345,110,1,0,1600,5,1070,1,0,0
1115,6500,71,115157,110,1,0,1600,3,1050,1,0,0
1116,6500,78,115000,107,1,1,1600,5,1100,1,0,0
1117,7600,77,114258,86,1,0,1300,5,1050,1,0,0
1118,8950,73,112963,72,1,0,2000,5,1135,0,1,0
1119,7450,74,112307,110,1,0,1600,5,1070,1,0,0
1120,7350,72,112000,86,1,0,1300,3,1015,1,0,0
1121,7750,73,111602,86,1,0,1300,3,1015,1,0,0
1122,7460,80,111392,110,0,0,1598,3,1083,0,0,1
1123,9250,76,110901,110,1,0,1600,5,1085,1,0,0
1124,7250,80,110887,110,1,0,1600,3,1055,1,0,0
1125,6500,72,110634,86,1,0,1300,3,1015,1,0,0
1126,6800,80,110000,110,1,0,1600,4,1035,1,0,0
1127,8700,75,109540,110,0,0,1600,5,1085,1,0,0
1128,7500,78,109263,110,0,0,1600,5,1070,1,0,0
1129,7750,71,107516,110,1,0,1600,3,1050,1,0,0
1130,7950,73,107108,110,1,0,1600,3,1050,1,0,0
1131,9950,75,107000,110,1,0,1600,3,1050,1,0,0
1132,6640,74,106250,110,0,0,1600,5,1070,1,0,0
1133,8750,71,106150,86,0,0,1300,3,1015,1,0,0
1134,7750,72,106108,110,1,0,1600,3,1050,1,0,0
1135,5950,72,105856,86,0,0,1300,3,1015,1,0,0
1136,6750,77,105152,86,0,0,1300,3,1015,1,0,0
1137,6500,80,105135,110,1,0,1600,3,1050,1,0,0
1138,8750,76,104344,110,1,0,1600,3,1050,1,0,0
1139,7950,74,104150,110,1,0,1600,3,1050,1,0,0
1140,6750,74,104000,86,1,0,1300,3,1010,1,0,0
1141,7950,73,103121,86,1,0,1300,5,1035,1,0,0
1142,7950,80,102300,86,1,0,1300,3,1015,1,0,0
1143,8950,75,102005,107,1,1,1600,5,1105,1,0,0
1144,7750,77,102000,86,1,0,1300,3,1015,1,0,0
1145,6450,75,101855,110,1,0,1600,5,1070,1,0,0
1146,6900,74,101773,110,0,0,1600,3,1050,1,0,0
1147,8450,75,101159,110,1,0,1600,5,1085,1,0,0
1148,6750,74,101000,86,0,0,1300,3,1015,1,0,0
1149,8050,74,100732,86,1,1,1300,4,1030,1,0,0
1150,9500,79,100719,110,0,0,1600,5,1070,1,0,0
1151,7750,78,100487,110,0,0,1600,4,1035,1,0,0
1152,8500,80,100458,110,0,0,1600,5,1085,1,0,0
1153,7795,75,100192,110,1,0,1600,3,1050,1,0,0
1154,6490,80,100123,110,1,0,1600,3,1050,1,0,0
1155,7950,73,99971,110,1,0,1600,3,1050,1,0,0
1156,6425,79,99397,86,0,0,1300,5,1035,1,0,0
1157,8950,69,99374,86,1,0,1300,5,1035,1,0,0
1158,6950,72,99245,110,1,0,1600,5,1114,1,0,0
1159,8750,79,98742,110,0,0,1600,5,1085,1,0,0
1160,8450,71,98154,110,1,0,1600,3,1050,1,0,0
1161,7950,77,98000,110,1,0,1600,5,1065,1,0,0
1162,7950,80,97548,86,0,0,1300,5,1035,1,0,0
1163,8900,78,97534,110,1,0,1600,5,1070,1,0,0
1164,8950,73,97494,110,1,0,1600,5,1085,1,0,0
1165,8900,73,97085,110,1,0,1600,5,1085,1,0,0
1166,7950,69,97000,110,0,0,1600,4,1035,1,0,0
1167,6495,74,96302,86,1,0,1300,3,1015,1,0,0
1168,7250,78,96000,86,1,0,1300,3,1015,1,0,0
1169,9250,74,96000,110,1,0,1600,5,1085,1,0,0
1170,6650,78,95909,110,1,0,1600,5,1070,1,0,0
1171,6990,79,95700,110,0,0,1600,5,1085,1,0,0
1172,7750,78,95651,110,1,0,1600,5,1070,1,0,0
1173,6950,79,95000,86,1,0,1300,5,1035,1,0,0
1174,7250,80,94447,110,0,0,1600,3,1050,1,0,0
1175,9950,80,94079,110,1,0,1600,5,1085,1,0,0
1176,9250,80,93841,110,0,0,1600,5,1070,1,0,0
1177,7200,79,93090,86,1,0,1300,5,1035,1,0,0
1178,8250,72,93066,110,1,0,1600,5,1075,1,0,0
1179,8950,79,93039,110,1,0,1600,3,1050,1,0,0
1180,8250,77,93000,110,1,0,1600,5,1075,1,0,0
1181,6250,80,92830,86,1,0,1300,3,1015,1,0,0
1182,9900,80,92255,107,0,1,1600,5,1105,1,0,0
1183,7300,80,92096,86,1,0,1300,5,1035,1,0,0
1184,8950,72,91921,86,1,0,1300,3,1020,1,0,0
1185,6500,70,91900,86,1,0,1300,3,1015,1,0,0
1186,7950,78,91399,110,1,0,1600,5,1070,1,0,0
1187,7450,75,91082,110,1,0,1600,3,1050,1,0,0
1188,7950,71,90370,86,1,0,1300,5,1035,1,0,0
1189,8500,78,90345,86,1,0,1300,5,1035,1,0,0
1190,6950,77,90305,86,1,0,1300,3,1015,1,0,0
1191,7950,78,90011,86,0,1,1300,3,1045,1,0,0
1192,6750,77,90000,86,1,0,1300,3,1015,1,0,0
1193,8450,70,89983,110,0,0,1600,3,1055,1,0,0
1194,7500,78,89953,110,0,0,1600,5,1114,1,0,0
1195,8750,74,89800,72,1,0,2000,3,1115,0,1,0
1196,8750,79,89739,86,1,0,1300,5,1035,1,0,0
1197,8950,76,89520,110,1,0,1600,3,1050,1,0,0
1198,7450,75,89507,86,0,0,1300,3,1015,1,0,0
1199,9200,69,89096,110,1,0,1600,5,1085,1,0,0
1200,8950,74,88700,110,1,0,1600,3,1050,1,0,0
1201,7850,72,88500,110,1,0,1600,5,1075,1,0,0
1202,6950,73,88186,72,1,0,2000,3,1115,0,1,0
1203,7200,75,88000,110,1,0,1600,3,1050,1,0,0
1204,7450,78,87743,110,0,0,1600,3,1055,1,0,0
1205,6750,75,87613,86,0,0,1300,3,1015,1,0,0
1206,7500,73,87358,110,1,0,1600,3,1050,1,0,0
1207,7450,72,87083,110,0,0,1600,4,1035,1,0,0
1208,7950,70,87000,110,1,0,1600,4,1035,1,0,0
1209,7250,78,87000,110,1,0,1600,4,1035,1,0,0
1210,7950,73,87000,86,1,0,1300,3,1015,1,0,0
1211,8250,80,87000,86,1,0,1300,3,1015,1,0,0
1212,8250,72,86860,110,0,0,1600,5,1075,1,0,0
1213,6750,80,86109,110,1,0,1600,3,1055,1,0,0
1214,8750,79,86000,86,1,0,1300,5,1040,1,0,0
1215,8950,80,86000,110,0,0,1600,3,1050,1,0,0
1216,8500,70,85864,72,1,0,2000,5,1135,0,1,0
1217,8250,80,85565,110,0,0,1600,5,1070,1,0,0
1218,9450,70,85470,107,0,1,1600,3,1080,1,0,0
1219,7950,73,85200,110,1,0,1600,3,1050,1,0,0
1220,7900,70,85000,110,1,0,1600,3,1055,1,0,0
1221,8500,73,84988,110,1,0,1600,3,1050,1,0,0
1222,8250,79,84966,110,0,0,1600,5,1070,1,0,0
1223,8250,76,84472,110,1,0,1600,5,1070,1,0,0
1224,8950,73,84402,110,1,0,1600,4,1035,1,0,0
1225,7950,74,84123,110,0,0,1600,3,1050,1,0,0
1226,6950,80,84000,110,0,0,1600,5,1075,1,0,0
1227,7250,78,84000,110,1,0,1600,5,1065,1,0,0
1228,7750,77,84000,110,1,0,1600,5,1085,1,0,0
1229,8700,75,83850,110,1,0,1600,3,1055,1,0,0
1230,8950,80,83540,110,1,0,1600,5,1070,1,0,0
1231,6750,76,83405,110,1,0,1600,5,1070,1,0,0
1232,7500,71,83291,110,1,0,1600,5,1070,1,0,0
1233,7950,69,83133,86,0,0,1300,3,1015,1,0,0
1234,8950,71,83047,86,1,1,1300,3,1045,1,0,0
1235,7950,71,82700,110,0,0,1600,3,1050,1,0,0
1236,7450,78,82675,86,0,0,1300,3,1015,1,0,0
1237,5950,78,82595,86,1,0,1300,3,1015,1,0,0
1238,7750,75,82256,110,1,0,1600,3,1050,1,0,0
1239,6950,77,82103,86,1,0,1300,3,1015,1,0,0
1240,8750,80,82021,86,1,0,1300,5,1035,1,0,0
1241,8950,71,82000,110,1,0,1600,5,1075,1,0,0
1242,7495,79,81988,110,1,0,1600,5,1070,1,0,0
1243,7750,76,81930,110,0,0,1600,5,1070,1,0,0
1244,6950,70,81663,110,0,0,1600,3,1050,1,0,0
1245,7990,77,80486,110,1,0,1600,5,1070,1,0,0
1246,7250,78,80000,110,1,0,1600,4,1065,1,0,0
1247,6900,69,79000,86,0,0,1300,3,1015,1,0,0
1248,7750,74,78894,110,0,0,1600,5,1070,1,0,0
1249,7250,78,78689,110,0,0,1600,4,1035,1,0,0
1250,8950,77,78435,86,0,0,1300,3,1015,1,0,0
1251,8500,71,78260,110,0,0,1600,3,1050,1,0,0
1252,7950,72,78120,110,1,0,1600,5,1075,1,0,0
1253,6950,77,77000,86,0,0,1300,3,1015,1,0,0
1254,8000,78,77000,110,0,0,1600,3,1050,1,0,0
1255,7950,75,76382,110,1,0,1600,3,1055,1,0,0
1256,8500,76,76268,86,1,0,1300,3,1015,1,0,0
1257,7490,73,76151,86,1,0,1300,3,1015,1,0,0
1258,8250,80,76000,110,0,0,1600,3,1050,1,0,0
1259,9250,71,76000,110,1,0,1600,5,1070,1,0,0
1260,7950,72,75840,86,0,0,1300,5,1035,1,0,0
1261,9500,77,75799,110,1,0,1600,3,1050,1,0,0
1262,8950,72,75525,110,1,0,1600,3,1114,1,0,0
1263,8450,78,75323,86,1,0,1300,5,1050,1,0,0
1264,7995,79,75322,110,1,0,1600,4,1115,1,0,0
1265,8750,78,75226,110,0,0,1600,4,1035,1,0,0
1266,5950,71,75085,86,0,0,1300,5,1035,1,0,0
1267,8500,73,75000,110,0,0,1600,5,1075,1,0,0
1268,8950,69,75000,86,1,0,1300,4,1000,1,0,0
1269,8750,69,75000,86,1,0,1300,4,1000,1,0,0
1270,7600,78,74926,110,1,0,1600,5,1075,1,0,0
1271,7145,80,74785,110,1,0,1600,5,1070,1,0,0
1272,8450,69,74573,110,1,0,1600,5,1085,1,0,0
1273,5950,75,74567,86,1,0,1300,3,1015,1,0,0
1274,9000,80,74196,110,0,0,1600,5,1075,1,0,0
1275,7250,80,74151,110,1,0,1600,3,1050,1,0,0
1276,7400,75,74096,110,1,0,1600,3,1050,1,0,0
1277,8800,79,74093,110,1,0,1600,5,1075,1,0,0
1278,7750,71,74000,110,0,0,1600,3,1050,1,0,0
1279,7500,75,74000,86,1,0,1300,3,1015,1,0,0
1280,8450,78,73638,86,1,1,1300,4,1015,1,0,0
1281,7400,75,73460,110,1,0,1600,5,1070,1,0,0
1282,7500,80,73200,110,1,0,1600,5,1070,1,0,0
1283,8950,76,73116,110,1,0,1600,5,1075,1,0,0
1284,8950,70,73014,110,1,0,1600,5,1075,1,0,0
1285,7950,77,72703,110,1,0,1600,3,1050,1,0,0
1286,7950,79,72328,110,1,0,1600,5,1075,1,0,0
1287,7950,78,72222,110,1,0,1600,5,1070,1,0,0
1288,8950,71,72128,107,1,1,1600,5,1100,1,0,0
1289,7750,78,72090,110,1,0,1600,5,1070,1,0,0
1290,8250,78,72000,110,1,0,1600,4,1035,1,0,0
1291,7950,78,72000,110,0,0,1600,3,1055,1,0,0
1292,7750,77,71900,86,1,0,1300,3,1015,1,0,0
1293,8500,77,71825,110,0,0,1600,5,1075,1,0,0
1294,6950,80,71740,110,1,0,1600,5,1070,1,0,0
1295,7500,80,71500,110,1,0,1600,4,1035,1,0,0
1296,7750,79,71359,110,1,0,1600,3,1050,1,0,0
1297,5950,79,71263,86,0,0,1300,3,1015,1,0,0
1298,7500,78,71186,110,0,0,1600,3,1050,1,0,0
1299,8950,72,71054,86,0,1,1300,3,1045,1,0,0
1300,7950,76,71000,110,1,0,1600,3,1050,1,0,0
1301,6900,80,70939,110,1,1,1600,5,1100,1,0,0
1302,7450,77,70932,110,1,0,1600,3,1050,1,0,0
1303,8500,80,70597,107,1,1,1600,3,1080,1,0,0
1304,7500,73,70482,110,1,0,1600,5,1075,1,0,0
1305,8750,77,70124,110,1,0,1600,3,1050,1,0,0
1306,7500,76,70039,110,1,0,1600,3,1050,1,0,0
1307,9950,80,69904,110,0,0,1600,5,1070,1,0,0
1308,7950,75,69388,86,0,0,1300,3,1010,1,0,0
1309,9950,75,69320,110,1,0,1600,5,1070,1,0,0
1310,9250,78,69000,110,1,0,1600,5,1075,1,0,0
1311,9250,73,68988,86,1,0,1300,5,1035,1,0,0
1312,9950,79,68945,110,1,0,1600,5,1085,1,0,0
1313,5950,74,68285,110,1,0,1600,3,1050,1,0,0
1314,7995,76,68000,110,1,0,1600,5,1075,1,0,0
1315,8950,70,68000,86,1,1,1300,3,1045,1,0,0
1316,7450,75,67451,86,1,0,1300,4,1000,1,0,0
1317,8250,76,67266,86,1,0,1300,5,1035,1,0,0
1318,8500,78,67255,110,0,0,1600,5,1085,1,0,0
1319,8500,70,67100,110,1,0,1600,5,1075,1,0,0
1320,9400,69,67092,72,1,0,2000,3,1115,0,1,0
1321,7250,80,66880,110,1,0,1600,3,1055,1,0,0
1322,8950,79,66855,110,1,0,1600,5,1075,1,0,0
1323,9450,80,66843,110,1,0,1600,5,1075,1,0,0
1324,8500,74,66718,110,1,0,1600,3,1050,1,0,0
1325,6750,80,66168,86,1,0,1300,3,1015,1,0,0
1326,7400,80,65950,110,0,0,1600,5,1070,1,0,0
1327,8950,78,65500,86,1,0,1300,3,1015,1,0,0
1328,6900,80,65307,110,1,0,1600,3,1055,1,0,0
1329,7750,79,65254,86,1,0,1300,3,1015,1,0,0
1330,8950,71,65021,72,1,0,2000,3,1115,0,1,0
1331,6950,75,65006,86,1,0,1300,3,1015,1,0,0
1332,8495,77,64280,110,0,0,1600,4,1035,1,0,0
1333,10000,75,64000,107,0,1,1600,3,1085,1,0,0
1334,6999,71,64000,110,1,0,1600,5,1070,1,0,0
1335,8950,80,64000,110,0,0,1600,3,1055,1,0,0
1336,8500,79,63918,110,0,0,1600,4,1035,1,0,0
1337,8750,75,63634,110,1,0,1600,4,1035,1,0,0
1338,7499,80,63500,110,1,0,1600,3,1050,1,0,0
1339,9000,80,63266,110,1,0,1600,4,1035,1,0,0
1340,8950,77,62595,110,1,0,1600,3,1050,1,0,0
1341,6950,80,62581,110,0,0,1600,5,1075,1,0,0
1342,8500,77,62285,110,1,0,1600,5,1075,1,0,0
1343,8450,77,61906,86,1,1,1300,5,1065,1,0,0
1344,8950,74,61700,110,0,0,1600,5,1070,1,0,0
1345,8250,77,61648,110,1,0,1600,5,1070,1,0,0
1346,7950,75,61626,86,0,0,1300,5,1035,1,0,0
1347,7450,70,61510,110,0,0,1600,4,1035,1,0,0
1348,9000,79,61165,107,1,1,1600,3,1080,1,0,0
1349,7150,70,61000,110,1,0,1600,4,1035,1,0,0
1350,7750,76,60833,110,1,0,1600,4,1035,1,0,0
1351,5845,70,60600,86,0,0,1300,3,1060,1,0,0
1352,8500,72,60483,110,1,0,1600,5,1075,1,0,0
1353,8250,80,60476,110,1,0,1600,5,1114,1,0,0
1354,9450,79,60142,110,0,0,1600,3,1050,1,0,0
1355,6750,69,60050,110,1,0,1600,3,1050,1,0,0
1356,8400,77,60000,110,1,0,1600,3,1050,1,0,0
1357,7900,76,60000,110,0,0,1600,3,1050,1,0,0
1358,7950,76,59815,110,1,0,1587,3,1055,1,0,0
1359,8750,80,59326,110,1,0,1600,5,1085,1,0,0
1360,9900,73,59240,110,1,0,1600,3,1050,1,0,0
1361,6495,71,59164,110,0,0,1600,4,1035,1,0,0
1362,8250,70,59017,107,1,1,1600,3,1080,1,0,0
1363,6900,69,58952,110,1,0,1600,3,1050,1,0,0
1364,7500,74,58454,86,1,0,1300,3,1015,1,0,0
1365,7950,75,58341,86,1,1,1300,4,1030,1,0,0
1366,8250,80,58267,110,1,0,1600,5,1070,1,0,0
1367,8950,80,58000,110,0,0,1600,3,1055,1,0,0
1368,9750,70,57829,110,0,0,1600,3,1050,1,0,0
1369,8250,80,57787,86,0,0,1300,3,1015,1,0,0
1370,8900,78,57628,110,0,0,1600,5,1075,1,0,0
1371,8950,75,57537,86,1,0,1300,5,1050,1,0,0
1372,6750,76,57263,110,1,0,1600,3,1050,1,0,0
1373,7950,75,57144,110,1,0,1600,5,1070,1,0,0
1374,8600,69,57096,86,1,0,1300,3,1025,1,0,0
1375,7750,80,57000,86,0,0,1300,4,1000,1,0,0
1376,7800,73,56566,110,1,0,1600,3,1050,1,0,0
1377,8750,73,56307,110,1,0,1600,3,1050,1,0,0
1378,9500,79,56214,86,0,0,1300,3,1015,1,0,0
1379,7750,74,56132,110,0,0,1600,4,1035,1,0,0
1380,9950,79,55425,110,0,0,1600,5,1075,1,0,0
1381,7750,77,54439,86,1,0,1300,3,1015,1,0,0
1382,5950,69,53809,110,1,0,1600,3,1050,1,0,0
1383,10950,76,53133,110,1,0,1600,5,1070,1,0,0
1384,9450,77,52900,110,1,0,1600,4,1075,1,0,0
1385,8250,80,52700,110,0,0,1600,3,1050,1,0,0
1386,9750,69,52320,110,0,0,1600,5,1070,1,0,0
1387,7450,78,52287,110,0,0,1600,5,1114,1,0,0
1388,8750,75,52000,110,0,0,1600,5,1075,1,0,0
1389,8750,69,52000,110,1,0,1600,3,1050,1,0,0
1390,8500,73,52000,110,1,1,1600,4,1065,1,0,0
1391,8950,70,51874,86,0,0,1300,4,1000,1,0,0
1392,7500,79,49827,86,1,0,1300,5,1035,1,0,0
1393,7250,69,49640,110,1,0,1600,4,1035,1,0,0
1394,7450,80,49580,110,1,0,1600,4,1035,1,0,0
1395,8750,76,49170,86,0,0,1300,3,1045,1,0,0
1396,9800,77,48838,110,0,0,1600,3,1055,1,0,0
1397,7500,71,48576,86,1,0,1300,3,1015,1,0,0
1398,8950,75,48400,110,1,0,1600,5,1075,1,0,0
1399,8950,74,48242,86,1,0,1300,5,1035,1,0,0
1400,7450,70,47955,110,1,0,1600,5,1070,1,0,0
1401,8950,71,47633,110,1,0,1600,5,1075,1,0,0
1402,10500,78,47400,86,1,0,1300,5,1040,1,0,0
1403,7000,73,47360,86,0,0,1300,3,1010,1,0,0
1404,8500,77,45507,110,1,0,1600,3,1050,1,0,0
1405,7750,76,45410,86,1,0,1300,5,1035,1,0,0
1406,8950,70,44850,110,1,0,1600,3,1050,1,0,0
1407,8250,69,44826,110,0,0,1600,5,1075,1,0,0
1408,9250,80,44444,110,1,0,1600,3,1050,1,0,0
1409,7900,75,43720,110,1,0,1600,5,1070,1,0,0
1410,8500,78,43622,86,1,0,1300,4,1000,1,0,0
1411,7950,76,43532,110,0,0,1600,5,1070,1,0,0
1412,9950,69,42800,110,1,0,1600,3,1050,1,0,0
1413,8750,74,42317,107,1,1,1600,5,1100,1,0,0
1414,7500,80,42186,110,1,0,1600,3,1050,1,0,0
1415,6950,72,42000,110,1,0,1600,3,1050,1,0,0
1416,8950,79,40093,110,0,0,1600,5,1114,1,0,0
1417,8750,79,39800,107,0,1,1600,3,1080,1,0,0
1418,7750,73,39168,86,0,0,1300,3,1015,1,0,0
1419,8450,75,38945,110,1,0,1600,3,1050,1,0,0
1420,8150,76,36537,110,0,1,1600,4,1075,1,0,0
1421,8500,78,36000,86,0,1,1300,3,1045,1,0,0
1422,7600,78,36000,110,1,0,1600,3,1050,1,0,0
1423,7950,80,35821,86,0,1,1300,3,1015,1,0,0
1424,7750,73,34717,86,0,0,1300,3,1015,1,0,0
1425,7950,80,34000,86,1,0,1300,4,1000,1,0,0
1426,9950,78,30964,110,0,1,1600,3,1080,1,0,0
1427,8950,71,29000,86,1,1,1300,3,1045,1,0,0
1428,8450,72,26000,86,0,0,1300,3,1015,1,0,0
1429,8950,78,24000,86,1,1,1300,5,1065,1,0,0
1430,8450,80,23000,86,0,0,1300,3,1015,1,0,0
1431,7500,69,20544,86,1,0,1300,3,1025,1,0,0
1432,10845,72,19000,86,0,0,1300,3,1015,1,0,0
1433,8500,71,17016,86,0,0,1300,3,1015,1,0,0
1434,7250,70,16916,86,1,0,1300,3,1015,1,0,0
1435,6950,76,1,110,0,0,1600,5,1114,1,0,0
